uids,merchant_click_seq
0,"['merch1', 'merch0', 'merch8', 'merch3', 'merch7', 'merch0', 'merch5', 'merch4', 'merch2', 'merch9', 'merch6', 'merch4', 'merch6', 'merch5', 'merch9', 'merch4', 'merch9', 'merch2', 'merch8', 'merch2', 'merch1']"
1,"['merch2', 'merch4', 'merch5', 'merch0', 'merch1', 'merch5', 'merch6', 'merch2', 'merch4', 'merch5', 'merch8', 'merch0', 'merch5']"
2,"['merch1', 'merch7', 'merch3', 'merch6', 'merch0', 'merch2', 'merch1', 'merch6', 'merch2', 'merch4', 'merch3', 'merch0', 'merch3', 'merch4']"
3,"['merch7', 'merch3', 'merch4', 'merch1', 'merch2', 'merch7', 'merch2', 'merch9', 'merch5', 'merch1', 'merch7', 'merch4', 'merch8']"
4,"['merch0', 'merch9', 'merch3', 'merch9', 'merch3', 'merch1', 'merch4', 'merch1', 'merch0', 'merch2', 'merch3', 'merch5', 'merch9', 'merch7', 'merch2', 'merch0', 'merch8', 'merch3']"
5,"['merch2', 'merch6', 'merch9', 'merch5', 'merch8', 'merch5', 'merch1', 'merch3']"
6,"['merch9', 'merch8', 'merch1', 'merch2', 'merch8', 'merch5', 'merch0', 'merch5', 'merch4', 'merch8', 'merch6', 'merch0', 'merch3', 'merch7', 'merch5', 'merch2', 'merch4', 'merch8']"
7,"['merch9', 'merch0', 'merch8', 'merch1', 'merch3', 'merch5', 'merch7', 'merch2', 'merch6', 'merch9', 'merch8', 'merch3']"
8,"['merch9', 'merch0', 'merch4', 'merch7', 'merch9', 'merch1', 'merch3', 'merch4', 'merch2', 'merch5', 'merch9']"
9,"['merch3', 'merch8', 'merch4', 'merch8', 'merch1', 'merch0', 'merch5', 'merch1', 'merch5', 'merch1', 'merch9', 'merch7', 'merch2', 'merch5', 'merch1', 'merch2', 'merch1', 'merch2', 'merch5']"
10,"['merch1', 'merch0', 'merch5', 'merch1', 'merch4', 'merch7', 'merch8', 'merch9', 'merch2', 'merch4']"
11,"['merch1', 'merch3', 'merch9', 'merch7', 'merch9', 'merch4', 'merch9', 'merch1', 'merch9', 'merch6', 'merch3', 'merch8', 'merch1']"
12,"['merch1', 'merch7', 'merch3', 'merch4', 'merch9', 'merch1', 'merch2', 'merch1', 'merch7', 'merch4', 'merch5', 'merch3', 'merch5']"
13,"['merch1', 'merch7', 'merch2', 'merch5', 'merch7', 'merch3', 'merch4', 'merch7', 'merch2', 'merch7', 'merch4', 'merch1', 'merch5', 'merch9', 'merch1']"
14,"['merch9', 'merch1', 'merch2', 'merch8', 'merch3', 'merch8', 'merch4', 'merch2', 'merch4', 'merch3', 'merch8', 'merch3', 'merch1', 'merch9']"
15,"['merch3', 'merch6', 'merch9', 'merch8', 'merch4', 'merch3', 'merch7', 'merch1', 'merch0', 'merch3', 'merch0', 'merch8', 'merch3', 'merch0', 'merch2', 'merch9', 'merch0', 'merch1', 'merch3', 'merch1', 'merch3', 'merch1']"
16,"['merch5', 'merch9', 'merch3', 'merch2', 'merch4', 'merch1', 'merch4', 'merch2', 'merch7', 'merch2', 'merch9', 'merch1', 'merch9', 'merch5', 'merch3', 'merch4', 'merch1', 'merch6']"
17,"['merch4', 'merch1', 'merch8', 'merch3', 'merch6', 'merch2', 'merch5', 'merch2', 'merch1', 'merch9', 'merch5', 'merch2', 'merch1', 'merch5', 'merch6', 'merch1', 'merch3', 'merch4', 'merch5', 'merch4']"
18,"['merch5', 'merch4', 'merch1', 'merch9', 'merch3', 'merch5', 'merch4', 'merch6', 'merch9', 'merch0', 'merch7', 'merch8', 'merch4', 'merch3', 'merch4']"
19,"['merch5', 'merch1', 'merch5', 'merch3', 'merch2', 'merch3', 'merch9', 'merch8', 'merch2', 'merch6', 'merch7', 'merch5', 'merch3', 'merch9', 'merch4', 'merch3', 'merch9', 'merch2', 'merch7', 'merch1', 'merch5', 'merch9', 'merch3', 'merch0']"
20,"['merch9', 'merch0', 'merch2', 'merch5', 'merch8', 'merch5', 'merch3', 'merch1', 'merch2', 'merch3', 'merch2', 'merch5']"
21,"['merch2', 'merch7', 'merch2', 'merch6', 'merch2', 'merch4', 'merch8', 'merch1', 'merch8', 'merch4', 'merch2', 'merch3', 'merch1', 'merch5', 'merch1', 'merch8']"
22,"['merch7', 'merch4', 'merch9', 'merch5', 'merch3', 'merch0', 'merch6', 'merch9', 'merch1', 'merch9', 'merch5', 'merch4', 'merch1', 'merch9', 'merch2']"
23,"['merch1', 'merch3', 'merch5', 'merch1', 'merch7', 'merch4', 'merch3', 'merch1', 'merch4', 'merch3', 'merch4', 'merch5', 'merch4']"
24,"['merch0', 'merch8', 'merch2', 'merch5', 'merch3', 'merch1', 'merch9', 'merch5', 'merch4', 'merch1', 'merch6', 'merch4', 'merch3', 'merch2', 'merch8', 'merch2']"
25,"['merch4', 'merch3', 'merch4', 'merch3', 'merch8', 'merch4', 'merch1', 'merch9', 'merch6', 'merch1', 'merch2', 'merch5', 'merch4', 'merch2']"
26,"['merch3', 'merch5', 'merch8', 'merch3', 'merch2', 'merch5', 'merch0', 'merch8', 'merch2', 'merch1', 'merch6', 'merch5', 'merch3', 'merch1', 'merch3', 'merch8', 'merch1']"
27,"['merch5', 'merch2', 'merch1', 'merch2', 'merch9', 'merch4', 'merch6', 'merch2', 'merch1', 'merch2', 'merch5']"
28,"['merch5', 'merch1', 'merch7', 'merch3', 'merch1', 'merch0', 'merch2', 'merch3', 'merch5', 'merch1', 'merch4', 'merch3', 'merch0', 'merch1', 'merch2', 'merch0', 'merch6', 'merch0', 'merch8', 'merch1', 'merch3']"
29,"['merch2', 'merch1', 'merch3', 'merch9', 'merch5', 'merch4', 'merch3', 'merch8', 'merch2', 'merch1', 'merch0', 'merch2', 'merch7', 'merch3', 'merch8', 'merch7', 'merch6']"
30,"['merch9', 'merch1', 'merch0', 'merch1', 'merch2', 'merch4', 'merch7', 'merch4', 'merch0', 'merch6', 'merch8', 'merch0', 'merch2', 'merch1', 'merch8', 'merch1']"
31,"['merch1', 'merch9', 'merch2', 'merch1', 'merch2', 'merch0', 'merch2', 'merch1', 'merch7', 'merch6', 'merch3', 'merch4', 'merch3', 'merch0', 'merch1']"
32,"['merch1', 'merch0', 'merch1', 'merch6', 'merch9', 'merch5', 'merch6', 'merch7', 'merch8', 'merch9', 'merch8', 'merch2']"
33,"['merch9', 'merch1', 'merch5', 'merch9', 'merch1', 'merch3', 'merch9', 'merch5', 'merch9', 'merch1', 'merch5', 'merch1', 'merch4', 'merch1', 'merch3', 'merch4', 'merch1', 'merch6', 'merch9', 'merch3', 'merch2']"
34,"['merch4', 'merch2', 'merch4', 'merch2', 'merch1', 'merch9', 'merch8', 'merch1', 'merch0', 'merch9', 'merch3', 'merch1', 'merch4', 'merch1', 'merch2', 'merch9', 'merch1']"
35,"['merch2', 'merch9', 'merch3', 'merch7', 'merch3', 'merch1', 'merch8', 'merch5', 'merch0', 'merch6', 'merch9', 'merch8', 'merch1', 'merch2', 'merch9', 'merch7', 'merch4', 'merch9', 'merch1', 'merch3', 'merch1', 'merch7', 'merch5']"
36,"['merch9', 'merch5', 'merch7', 'merch1', 'merch9', 'merch4', 'merch2', 'merch4', 'merch5', 'merch7', 'merch1', 'merch2', 'merch0', 'merch5', 'merch8']"
37,"['merch2', 'merch4', 'merch8', 'merch4', 'merch7', 'merch5', 'merch4', 'merch2', 'merch6', 'merch5', 'merch3', 'merch9', 'merch1', 'merch7', 'merch9']"
38,"['merch4', 'merch2', 'merch5', 'merch8', 'merch5', 'merch1', 'merch2', 'merch5', 'merch1', 'merch0', 'merch2']"
39,"['merch4', 'merch9', 'merch2', 'merch3', 'merch8', 'merch2', 'merch0', 'merch6', 'merch2', 'merch8']"
40,"['merch1', 'merch8', 'merch9', 'merch5', 'merch4', 'merch0', 'merch6', 'merch3', 'merch9', 'merch1', 'merch7', 'merch1']"
41,"['merch3', 'merch6', 'merch0', 'merch6', 'merch8', 'merch2', 'merch3', 'merch1', 'merch2', 'merch5', 'merch2', 'merch9']"
42,"['merch0', 'merch1', 'merch0', 'merch4', 'merch8', 'merch4', 'merch3', 'merch1', 'merch4', 'merch2', 'merch5', 'merch0', 'merch1', 'merch3', 'merch4', 'merch1', 'merch8', 'merch0', 'merch8', 'merch3', 'merch9', 'merch3']"
43,"['merch4', 'merch2', 'merch3', 'merch0', 'merch1', 'merch5', 'merch8', 'merch2', 'merch5', 'merch8', 'merch2']"
44,"['merch5', 'merch7', 'merch8', 'merch7', 'merch2', 'merch9', 'merch4', 'merch9', 'merch1', 'merch3', 'merch7', 'merch4', 'merch6', 'merch8', 'merch2', 'merch3', 'merch5']"
45,"['merch2', 'merch1', 'merch5', 'merch0', 'merch2', 'merch0', 'merch7', 'merch5', 'merch3', 'merch7', 'merch3', 'merch0', 'merch4', 'merch0', 'merch3', 'merch4', 'merch3', 'merch1']"
46,"['merch5', 'merch2', 'merch7', 'merch2', 'merch3', 'merch4', 'merch6', 'merch2', 'merch8', 'merch7', 'merch8', 'merch6']"
47,"['merch1', 'merch0', 'merch7', 'merch3', 'merch9', 'merch2', 'merch3', 'merch1']"
48,"['merch1', 'merch5', 'merch0', 'merch5', 'merch6', 'merch5', 'merch6', 'merch2', 'merch5', 'merch2', 'merch9', 'merch8']"
49,"['merch7', 'merch2', 'merch9', 'merch1', 'merch0', 'merch4', 'merch2', 'merch9', 'merch5', 'merch2', 'merch9', 'merch5', 'merch8', 'merch9']"
50,"['merch8', 'merch9', 'merch8', 'merch9', 'merch1', 'merch3', 'merch1', 'merch3', 'merch1', 'merch4', 'merch9', 'merch0', 'merch5', 'merch7', 'merch2', 'merch3', 'merch6', 'merch5', 'merch4', 'merch3', 'merch8', 'merch3', 'merch7', 'merch1']"
51,"['merch2', 'merch9', 'merch1', 'merch5', 'merch9', 'merch7', 'merch0', 'merch1', 'merch9', 'merch2', 'merch5', 'merch2', 'merch9', 'merch4', 'merch1', 'merch2', 'merch0', 'merch1', 'merch2', 'merch6', 'merch8', 'merch2']"
52,"['merch9', 'merch4', 'merch0', 'merch8', 'merch9', 'merch1', 'merch9', 'merch5', 'merch4', 'merch2', 'merch4', 'merch0', 'merch7']"
53,"['merch9', 'merch0', 'merch2', 'merch9', 'merch2', 'merch0', 'merch5', 'merch7', 'merch9', 'merch4', 'merch9', 'merch5', 'merch7', 'merch6', 'merch9', 'merch3', 'merch4', 'merch9']"
54,"['merch1', 'merch2', 'merch1', 'merch6', 'merch2', 'merch0', 'merch6', 'merch3', 'merch7', 'merch8', 'merch3', 'merch1', 'merch6', 'merch5', 'merch3', 'merch0', 'merch1', 'merch8', 'merch7', 'merch1']"
55,"['merch4', 'merch1', 'merch7', 'merch1', 'merch4', 'merch1', 'merch0', 'merch1', 'merch7', 'merch5', 'merch2', 'merch3', 'merch1', 'merch4', 'merch1', 'merch3', 'merch4']"
56,"['merch2', 'merch6', 'merch2', 'merch9', 'merch7', 'merch1', 'merch4', 'merch2', 'merch8', 'merch2']"
57,"['merch2', 'merch6', 'merch1', 'merch2', 'merch9', 'merch7', 'merch2', 'merch3', 'merch4', 'merch2', 'merch4']"
58,"['merch3', 'merch4', 'merch1', 'merch4', 'merch0', 'merch1', 'merch5', 'merch9', 'merch2', 'merch3', 'merch5', 'merch2', 'merch5', 'merch2']"
59,"['merch7', 'merch2', 'merch4', 'merch3', 'merch2', 'merch8', 'merch6', 'merch1']"
60,"['merch2', 'merch9', 'merch7', 'merch1', 'merch5', 'merch2', 'merch1', 'merch9', 'merch3', 'merch2', 'merch5', 'merch9']"
61,"['merch5', 'merch1', 'merch3', 'merch9', 'merch1', 'merch6', 'merch5', 'merch6', 'merch8', 'merch1', 'merch5', 'merch8', 'merch5', 'merch3', 'merch5', 'merch3', 'merch1', 'merch3', 'merch2', 'merch3', 'merch6']"
62,"['merch6', 'merch8', 'merch6', 'merch2', 'merch4', 'merch5', 'merch1', 'merch9', 'merch5', 'merch2', 'merch4', 'merch8', 'merch2']"
63,"['merch8', 'merch3', 'merch6', 'merch2', 'merch5', 'merch9', 'merch1', 'merch7', 'merch4', 'merch1', 'merch7', 'merch3', 'merch5', 'merch6', 'merch8', 'merch1', 'merch5', 'merch8', 'merch1', 'merch2']"
64,"['merch9', 'merch2', 'merch9', 'merch2', 'merch1', 'merch7', 'merch2', 'merch7', 'merch1', 'merch9']"
65,"['merch2', 'merch6', 'merch3', 'merch5', 'merch0', 'merch2', 'merch5', 'merch9', 'merch3', 'merch5', 'merch3', 'merch0']"
66,"['merch5', 'merch7', 'merch9', 'merch3', 'merch7', 'merch3', 'merch1', 'merch9', 'merch3', 'merch4', 'merch3', 'merch5']"
67,"['merch7', 'merch9', 'merch3', 'merch6', 'merch4', 'merch2', 'merch3', 'merch5', 'merch8', 'merch0', 'merch5', 'merch7', 'merch2', 'merch4']"
68,"['merch2', 'merch0', 'merch3', 'merch5', 'merch4', 'merch0', 'merch9', 'merch8', 'merch5', 'merch2', 'merch1', 'merch3', 'merch1', 'merch9', 'merch4', 'merch7', 'merch1', 'merch7', 'merch5']"
69,"['merch2', 'merch3', 'merch0', 'merch8', 'merch1', 'merch7', 'merch4', 'merch9', 'merch1', 'merch5', 'merch4', 'merch1', 'merch2']"
70,"['merch1', 'merch3', 'merch1', 'merch3', 'merch8', 'merch0', 'merch6', 'merch1', 'merch3', 'merch9', 'merch8', 'merch2', 'merch8', 'merch4', 'merch3', 'merch7', 'merch4']"
71,"['merch1', 'merch6', 'merch8', 'merch2', 'merch3', 'merch9', 'merch3', 'merch4', 'merch1', 'merch9', 'merch5', 'merch9', 'merch2', 'merch9', 'merch4', 'merch8', 'merch0', 'merch5', 'merch2']"
72,"['merch0', 'merch8', 'merch9', 'merch1', 'merch4', 'merch5', 'merch1', 'merch8', 'merch4', 'merch8', 'merch3', 'merch9', 'merch2', 'merch1', 'merch9', 'merch6', 'merch9', 'merch7', 'merch5', 'merch8']"
73,"['merch0', 'merch4', 'merch9', 'merch2', 'merch7', 'merch3', 'merch1', 'merch7', 'merch1', 'merch0', 'merch1', 'merch4', 'merch3']"
74,"['merch0', 'merch5', 'merch1', 'merch7', 'merch9', 'merch0', 'merch9', 'merch8', 'merch1', 'merch9', 'merch2', 'merch5', 'merch1', 'merch5', 'merch3', 'merch1', 'merch7', 'merch2', 'merch7']"
75,"['merch7', 'merch4', 'merch2', 'merch3', 'merch9', 'merch0', 'merch3', 'merch6', 'merch5', 'merch3', 'merch9', 'merch5', 'merch7', 'merch3', 'merch1']"
76,"['merch2', 'merch1', 'merch4', 'merch8', 'merch5', 'merch7', 'merch3', 'merch1']"
77,"['merch8', 'merch3', 'merch1', 'merch9', 'merch1', 'merch8', 'merch9', 'merch8', 'merch0', 'merch1', 'merch8', 'merch5', 'merch1', 'merch2', 'merch5']"
78,"['merch5', 'merch2', 'merch1', 'merch0', 'merch3', 'merch2', 'merch3', 'merch4', 'merch3', 'merch4', 'merch9', 'merch1', 'merch9', 'merch7', 'merch2', 'merch9', 'merch2', 'merch9']"
79,"['merch9', 'merch1', 'merch8', 'merch4', 'merch1', 'merch2', 'merch1', 'merch9', 'merch2', 'merch8', 'merch4', 'merch7', 'merch2', 'merch7']"
80,"['merch2', 'merch3', 'merch1', 'merch7', 'merch2', 'merch1', 'merch8', 'merch6', 'merch5', 'merch9', 'merch4', 'merch5', 'merch1', 'merch5', 'merch2', 'merch6']"
81,"['merch9', 'merch1', 'merch3', 'merch1', 'merch2', 'merch3', 'merch7', 'merch6', 'merch0', 'merch8', 'merch2', 'merch5', 'merch4', 'merch8', 'merch1', 'merch8', 'merch1', 'merch2']"
82,"['merch2', 'merch6', 'merch8', 'merch2', 'merch4', 'merch0', 'merch7', 'merch9', 'merch0', 'merch2', 'merch3', 'merch1', 'merch2', 'merch3']"
83,"['merch8', 'merch3', 'merch2', 'merch1', 'merch3', 'merch1', 'merch4', 'merch7', 'merch0', 'merch3', 'merch1', 'merch7', 'merch2', 'merch8', 'merch2', 'merch4', 'merch5', 'merch4']"
84,"['merch8', 'merch0', 'merch8', 'merch1', 'merch0', 'merch3', 'merch0', 'merch7', 'merch2', 'merch7', 'merch3', 'merch1', 'merch6', 'merch2', 'merch4', 'merch5']"
85,"['merch4', 'merch5', 'merch4', 'merch3', 'merch1', 'merch6', 'merch5', 'merch2', 'merch6', 'merch1', 'merch5', 'merch7', 'merch1']"
86,"['merch8', 'merch3', 'merch5', 'merch1', 'merch3', 'merch9', 'merch6', 'merch4', 'merch5', 'merch2', 'merch5', 'merch3', 'merch5', 'merch3', 'merch9', 'merch2']"
87,"['merch2', 'merch3', 'merch2', 'merch1', 'merch2', 'merch3', 'merch2', 'merch5', 'merch0', 'merch4', 'merch6', 'merch5', 'merch4', 'merch2', 'merch1', 'merch2', 'merch1', 'merch8', 'merch2', 'merch4']"
88,"['merch3', 'merch9', 'merch3', 'merch5', 'merch2', 'merch7', 'merch0', 'merch9', 'merch2', 'merch3', 'merch2', 'merch8', 'merch7', 'merch0', 'merch2', 'merch1']"
89,"['merch9', 'merch2', 'merch9', 'merch3', 'merch2', 'merch9', 'merch2', 'merch7', 'merch1', 'merch4', 'merch9', 'merch7', 'merch3', 'merch1']"
90,"['merch0', 'merch5', 'merch9', 'merch2', 'merch3', 'merch4', 'merch3', 'merch0', 'merch1', 'merch8', 'merch1', 'merch2', 'merch6', 'merch3', 'merch4', 'merch9', 'merch5']"
91,"['merch1', 'merch3', 'merch4', 'merch6', 'merch2', 'merch3', 'merch9', 'merch1', 'merch2', 'merch0', 'merch2', 'merch6', 'merch2', 'merch8', 'merch1']"
92,"['merch1', 'merch9', 'merch1', 'merch9', 'merch3', 'merch1', 'merch4', 'merch1', 'merch2', 'merch1', 'merch7', 'merch2', 'merch8', 'merch5', 'merch9']"
93,"['merch4', 'merch1', 'merch7', 'merch8', 'merch2', 'merch7', 'merch2', 'merch1', 'merch2', 'merch9', 'merch4', 'merch5', 'merch3', 'merch2', 'merch5', 'merch7', 'merch0']"
94,"['merch2', 'merch8', 'merch7', 'merch8', 'merch2', 'merch7', 'merch2', 'merch1', 'merch7', 'merch1', 'merch9']"
95,"['merch9', 'merch4', 'merch1', 'merch3', 'merch7', 'merch2', 'merch5', 'merch3', 'merch6', 'merch9', 'merch5', 'merch7', 'merch2']"
96,"['merch8', 'merch2', 'merch7', 'merch1', 'merch5', 'merch4', 'merch0', 'merch2', 'merch3', 'merch9', 'merch1', 'merch0']"
97,"['merch8', 'merch0', 'merch1', 'merch0', 'merch4', 'merch9', 'merch2', 'merch7', 'merch8', 'merch1']"
98,"['merch9', 'merch2', 'merch1', 'merch2', 'merch8', 'merch3', 'merch9', 'merch3', 'merch2', 'merch8', 'merch2', 'merch9']"
99,"['merch1', 'merch9', 'merch7', 'merch5', 'merch1', 'merch5', 'merch3', 'merch0', 'merch1', 'merch9', 'merch1']"
100,"['merch2', 'merch0', 'merch2', 'merch7', 'merch1', 'merch2', 'merch1', 'merch2', 'merch7', 'merch3', 'merch9', 'merch2', 'merch4', 'merch8']"
101,"['merch3', 'merch8', 'merch0', 'merch8', 'merch4', 'merch1', 'merch4', 'merch1', 'merch7', 'merch4', 'merch6', 'merch1', 'merch2']"
102,"['merch2', 'merch1', 'merch9', 'merch3', 'merch2', 'merch8', 'merch4', 'merch3', 'merch8', 'merch7', 'merch0', 'merch7', 'merch1', 'merch7', 'merch1', 'merch0', 'merch1', 'merch2', 'merch9']"
103,"['merch2', 'merch4', 'merch1', 'merch3', 'merch5', 'merch7']"
104,"['merch3', 'merch9', 'merch1', 'merch5', 'merch3', 'merch2', 'merch8', 'merch1', 'merch2', 'merch5', 'merch8', 'merch1']"
105,"['merch2', 'merch5', 'merch1', 'merch9', 'merch3', 'merch5', 'merch4', 'merch0', 'merch4', 'merch6', 'merch1', 'merch7']"
106,"['merch1', 'merch0', 'merch6', 'merch2', 'merch7', 'merch9', 'merch7', 'merch4', 'merch0', 'merch4', 'merch2', 'merch7', 'merch3', 'merch9', 'merch8']"
107,"['merch3', 'merch7', 'merch5', 'merch2', 'merch4', 'merch2', 'merch5', 'merch7', 'merch2', 'merch9', 'merch2', 'merch6', 'merch2', 'merch1', 'merch2', 'merch5', 'merch0', 'merch5', 'merch9']"
108,"['merch8', 'merch7', 'merch2', 'merch6', 'merch2', 'merch9', 'merch3', 'merch5', 'merch0', 'merch1', 'merch5', 'merch7', 'merch2', 'merch1', 'merch4', 'merch1', 'merch4', 'merch0']"
109,"['merch2', 'merch0', 'merch5', 'merch6', 'merch0', 'merch3', 'merch0', 'merch9', 'merch2', 'merch0']"
110,"['merch3', 'merch2', 'merch3', 'merch2', 'merch1', 'merch4', 'merch5', 'merch4', 'merch5', 'merch2', 'merch1', 'merch8', 'merch0', 'merch5', 'merch3', 'merch9', 'merch2', 'merch7', 'merch1', 'merch3']"
111,"['merch5', 'merch2', 'merch3', 'merch4', 'merch1', 'merch2', 'merch5', 'merch8', 'merch7', 'merch5', 'merch9', 'merch2', 'merch1', 'merch4', 'merch2', 'merch8', 'merch2', 'merch4']"
112,"['merch8', 'merch4', 'merch3', 'merch2', 'merch5', 'merch7', 'merch1', 'merch2', 'merch5', 'merch0', 'merch8', 'merch2', 'merch5']"
113,"['merch1', 'merch0', 'merch2', 'merch5', 'merch4', 'merch9', 'merch2', 'merch3', 'merch7', 'merch2', 'merch3', 'merch5', 'merch8', 'merch4', 'merch2', 'merch0', 'merch1']"
114,"['merch9', 'merch5', 'merch1', 'merch8', 'merch0', 'merch3', 'merch4', 'merch7', 'merch3', 'merch2', 'merch9', 'merch2', 'merch1']"
115,"['merch3', 'merch0', 'merch1', 'merch6', 'merch2', 'merch1', 'merch2', 'merch1', 'merch6']"
116,"['merch3', 'merch9', 'merch5', 'merch4', 'merch1', 'merch9', 'merch3', 'merch8', 'merch7', 'merch8', 'merch2', 'merch3', 'merch0']"
117,"['merch8', 'merch3', 'merch1', 'merch5', 'merch0', 'merch3', 'merch2', 'merch4', 'merch8', 'merch0', 'merch8', 'merch1', 'merch8']"
118,"['merch7', 'merch8', 'merch7', 'merch1', 'merch3', 'merch1', 'merch4', 'merch2', 'merch8', 'merch9', 'merch2', 'merch1', 'merch7', 'merch2', 'merch9', 'merch0', 'merch4', 'merch3', 'merch7', 'merch2']"
119,"['merch9', 'merch3', 'merch1', 'merch3', 'merch9', 'merch4', 'merch0', 'merch3', 'merch4', 'merch9', 'merch4', 'merch5', 'merch9', 'merch8', 'merch4', 'merch3', 'merch7', 'merch5', 'merch7', 'merch1', 'merch7']"
120,"['merch0', 'merch7', 'merch5', 'merch1', 'merch3', 'merch2', 'merch3', 'merch8', 'merch9', 'merch4']"
121,"['merch3', 'merch2', 'merch4', 'merch2', 'merch3', 'merch8', 'merch1', 'merch3', 'merch2']"
122,"['merch3', 'merch1', 'merch2', 'merch6', 'merch1', 'merch2', 'merch4', 'merch7', 'merch3', 'merch2', 'merch4', 'merch2', 'merch7']"
123,"['merch3', 'merch4', 'merch3', 'merch1', 'merch3', 'merch8', 'merch9', 'merch8', 'merch4', 'merch7', 'merch4', 'merch3', 'merch1', 'merch0']"
124,"['merch1', 'merch2', 'merch4', 'merch1', 'merch2', 'merch8', 'merch1', 'merch9', 'merch3', 'merch2', 'merch6', 'merch3']"
125,"['merch3', 'merch2', 'merch5', 'merch1', 'merch3', 'merch2', 'merch3', 'merch0', 'merch2', 'merch7', 'merch4', 'merch7', 'merch0', 'merch5', 'merch8', 'merch2', 'merch5', 'merch3', 'merch9', 'merch2', 'merch9', 'merch5', 'merch7', 'merch3', 'merch5', 'merch8', 'merch2']"
126,"['merch1', 'merch0', 'merch8', 'merch5', 'merch8', 'merch4', 'merch9', 'merch7', 'merch2', 'merch0', 'merch7', 'merch2', 'merch1']"
127,"['merch7', 'merch2', 'merch6', 'merch9', 'merch4', 'merch1', 'merch6', 'merch4', 'merch1', 'merch5', 'merch1', 'merch4', 'merch1', 'merch7', 'merch4', 'merch1', 'merch2', 'merch9']"
128,"['merch4', 'merch2', 'merch9', 'merch1', 'merch2', 'merch3', 'merch1', 'merch8', 'merch3', 'merch7', 'merch2', 'merch3', 'merch4', 'merch9', 'merch7', 'merch8', 'merch1']"
129,"['merch2', 'merch5', 'merch3', 'merch5', 'merch6', 'merch5', 'merch3', 'merch7', 'merch8', 'merch2', 'merch6', 'merch5', 'merch4', 'merch5', 'merch4', 'merch3', 'merch8', 'merch0', 'merch9', 'merch7', 'merch1', 'merch5', 'merch2', 'merch9', 'merch8']"
130,"['merch2', 'merch4', 'merch1', 'merch9', 'merch5', 'merch9', 'merch8', 'merch7', 'merch0', 'merch7', 'merch0', 'merch4', 'merch1', 'merch2']"
131,"['merch8', 'merch1', 'merch3', 'merch2', 'merch4', 'merch1', 'merch7', 'merch6', 'merch3', 'merch5', 'merch6', 'merch4']"
132,"['merch7', 'merch3', 'merch1', 'merch5', 'merch4', 'merch6', 'merch7', 'merch2', 'merch9', 'merch0', 'merch4', 'merch3']"
133,"['merch1', 'merch5', 'merch7', 'merch9', 'merch1', 'merch2', 'merch5', 'merch0', 'merch6', 'merch9', 'merch7', 'merch5', 'merch1', 'merch4']"
134,"['merch6', 'merch3', 'merch2', 'merch1', 'merch4', 'merch2', 'merch8', 'merch4', 'merch0', 'merch2', 'merch5', 'merch2', 'merch5', 'merch4', 'merch9']"
135,"['merch4', 'merch5', 'merch4', 'merch1', 'merch3', 'merch1', 'merch6', 'merch1', 'merch8', 'merch5', 'merch7', 'merch9', 'merch3', 'merch2', 'merch8', 'merch2', 'merch7', 'merch0']"
136,"['merch2', 'merch8', 'merch2', 'merch5', 'merch2', 'merch0', 'merch7', 'merch0', 'merch2', 'merch5', 'merch7', 'merch9', 'merch1', 'merch3']"
137,"['merch2', 'merch0', 'merch3', 'merch4', 'merch7', 'merch4', 'merch1', 'merch3', 'merch5', 'merch8', 'merch5', 'merch2', 'merch5', 'merch1', 'merch9', 'merch8', 'merch3']"
138,"['merch7', 'merch0', 'merch4', 'merch5', 'merch2', 'merch7', 'merch5', 'merch1', 'merch4', 'merch0', 'merch4', 'merch1', 'merch8', 'merch2', 'merch4']"
139,"['merch3', 'merch9', 'merch1', 'merch8', 'merch4', 'merch1', 'merch4', 'merch3', 'merch2', 'merch8', 'merch4', 'merch2', 'merch8', 'merch9', 'merch2', 'merch7', 'merch8', 'merch5']"
140,"['merch2', 'merch5', 'merch8', 'merch7', 'merch1', 'merch4', 'merch1', 'merch5', 'merch0']"
141,"['merch1', 'merch2', 'merch3', 'merch6', 'merch1', 'merch2', 'merch1', 'merch0', 'merch7', 'merch3', 'merch2', 'merch0', 'merch5', 'merch3', 'merch1']"
142,"['merch4', 'merch2', 'merch7', 'merch4', 'merch9', 'merch3', 'merch9', 'merch3', 'merch1', 'merch4', 'merch2', 'merch4', 'merch8', 'merch6', 'merch4', 'merch5']"
143,"['merch8', 'merch4', 'merch3', 'merch9', 'merch4', 'merch2', 'merch1', 'merch9', 'merch3', 'merch8', 'merch2', 'merch5']"
144,"['merch1', 'merch3', 'merch7', 'merch3', 'merch1', 'merch5', 'merch4', 'merch3', 'merch7', 'merch0', 'merch2', 'merch0', 'merch4', 'merch3', 'merch1', 'merch7', 'merch1', 'merch2', 'merch7']"
145,"['merch1', 'merch9', 'merch1', 'merch9', 'merch0', 'merch3', 'merch2', 'merch1', 'merch5', 'merch3', 'merch8', 'merch3', 'merch9', 'merch1', 'merch2', 'merch3']"
146,"['merch7', 'merch9', 'merch2', 'merch1', 'merch3', 'merch7', 'merch2', 'merch7', 'merch3', 'merch4', 'merch0']"
147,"['merch2', 'merch4', 'merch9', 'merch7', 'merch5', 'merch7', 'merch4', 'merch7', 'merch1', 'merch8', 'merch2', 'merch3', 'merch2', 'merch7', 'merch1', 'merch7']"
148,"['merch1', 'merch5', 'merch3', 'merch9', 'merch1', 'merch5', 'merch9', 'merch1', 'merch2', 'merch3', 'merch1', 'merch3', 'merch2', 'merch5', 'merch4']"
149,"['merch2', 'merch0', 'merch1', 'merch9', 'merch5', 'merch4', 'merch2', 'merch4', 'merch1']"
150,"['merch2', 'merch8', 'merch2', 'merch4', 'merch1', 'merch2', 'merch1', 'merch7', 'merch1', 'merch9', 'merch1', 'merch8', 'merch5', 'merch0', 'merch2', 'merch1', 'merch8']"
151,"['merch9', 'merch6', 'merch5', 'merch3', 'merch2', 'merch0', 'merch3', 'merch1', 'merch2', 'merch3', 'merch1', 'merch9']"
152,"['merch8', 'merch1', 'merch2', 'merch0', 'merch6', 'merch1', 'merch8', 'merch1', 'merch9', 'merch3', 'merch6', 'merch5', 'merch3', 'merch5', 'merch3', 'merch8']"
153,"['merch8', 'merch4', 'merch7', 'merch4', 'merch6', 'merch9', 'merch3', 'merch1', 'merch5', 'merch7', 'merch4', 'merch0', 'merch1', 'merch9', 'merch0', 'merch3']"
154,"['merch4', 'merch0', 'merch1', 'merch2', 'merch9', 'merch6', 'merch0', 'merch6', 'merch8', 'merch2', 'merch9', 'merch2', 'merch3', 'merch0', 'merch8', 'merch3']"
155,"['merch2', 'merch1', 'merch5', 'merch1', 'merch9', 'merch4', 'merch2', 'merch8', 'merch7', 'merch2', 'merch4', 'merch7']"
156,"['merch2', 'merch3', 'merch7', 'merch3', 'merch6', 'merch1', 'merch6', 'merch9', 'merch1', 'merch0', 'merch3', 'merch5', 'merch9', 'merch3', 'merch4', 'merch7', 'merch6', 'merch9', 'merch7', 'merch1', 'merch9']"
157,"['merch0', 'merch7', 'merch3', 'merch2', 'merch8', 'merch3', 'merch0', 'merch9', 'merch3', 'merch5', 'merch1', 'merch3', 'merch4', 'merch3']"
158,"['merch7', 'merch2', 'merch9', 'merch1', 'merch4', 'merch8', 'merch1', 'merch3', 'merch1', 'merch6', 'merch5', 'merch1', 'merch2', 'merch1', 'merch3', 'merch9', 'merch2', 'merch7']"
159,"['merch3', 'merch9', 'merch2', 'merch7', 'merch1', 'merch3', 'merch2', 'merch8', 'merch1', 'merch5', 'merch6', 'merch4', 'merch6', 'merch9', 'merch6', 'merch4', 'merch5', 'merch9', 'merch2', 'merch6', 'merch2']"
160,"['merch0', 'merch2', 'merch1', 'merch2', 'merch1', 'merch2', 'merch1', 'merch8', 'merch6', 'merch2', 'merch8', 'merch1', 'merch5', 'merch1', 'merch5', 'merch1', 'merch2', 'merch5', 'merch8']"
161,"['merch9', 'merch1', 'merch3', 'merch4', 'merch8', 'merch3', 'merch6', 'merch9', 'merch2', 'merch7', 'merch9', 'merch4', 'merch3', 'merch2', 'merch1', 'merch4']"
162,"['merch3', 'merch4', 'merch2', 'merch1', 'merch3', 'merch2', 'merch5', 'merch8', 'merch3', 'merch8', 'merch9', 'merch0', 'merch7', 'merch8', 'merch5', 'merch8', 'merch7', 'merch3']"
163,"['merch1', 'merch4', 'merch3', 'merch9', 'merch6', 'merch9', 'merch3', 'merch1', 'merch3', 'merch4', 'merch1', 'merch3', 'merch4', 'merch7', 'merch4']"
164,"['merch5', 'merch8', 'merch5', 'merch1', 'merch4', 'merch0', 'merch7', 'merch6', 'merch2', 'merch4', 'merch1', 'merch2', 'merch1']"
165,"['merch8', 'merch1', 'merch8', 'merch5', 'merch2', 'merch3', 'merch8', 'merch7', 'merch5', 'merch8', 'merch1', 'merch4', 'merch3', 'merch4', 'merch2', 'merch0', 'merch4', 'merch7']"
166,"['merch5', 'merch1', 'merch8', 'merch2', 'merch4', 'merch2', 'merch9', 'merch5', 'merch4', 'merch1', 'merch5', 'merch1', 'merch4', 'merch2', 'merch3', 'merch5']"
167,"['merch4', 'merch0', 'merch1', 'merch9', 'merch3', 'merch2', 'merch4', 'merch8', 'merch0', 'merch3', 'merch5', 'merch9', 'merch7', 'merch1', 'merch5', 'merch4', 'merch1', 'merch4', 'merch1']"
168,"['merch1', 'merch4', 'merch3', 'merch2', 'merch4', 'merch0', 'merch4', 'merch7', 'merch2', 'merch1', 'merch3', 'merch1', 'merch2', 'merch4', 'merch1', 'merch2', 'merch3', 'merch2']"
169,"['merch3', 'merch0', 'merch3', 'merch1', 'merch3', 'merch1', 'merch9', 'merch1', 'merch6', 'merch1', 'merch3']"
170,"['merch2', 'merch4', 'merch5', 'merch9', 'merch2', 'merch1', 'merch8', 'merch3', 'merch4']"
171,"['merch1', 'merch3', 'merch1', 'merch4', 'merch7', 'merch3', 'merch5', 'merch2', 'merch8', 'merch2']"
172,"['merch4', 'merch0', 'merch3', 'merch9', 'merch7', 'merch1', 'merch2', 'merch1', 'merch4', 'merch8', 'merch0', 'merch2', 'merch4', 'merch2', 'merch7', 'merch4', 'merch5', 'merch4']"
173,"['merch9', 'merch1', 'merch8', 'merch9', 'merch8', 'merch2', 'merch4', 'merch7', 'merch6', 'merch9', 'merch7', 'merch4', 'merch1', 'merch7', 'merch1', 'merch2', 'merch4', 'merch7', 'merch0', 'merch2', 'merch1']"
174,"['merch3', 'merch1', 'merch3', 'merch9', 'merch3', 'merch4', 'merch5', 'merch3', 'merch7', 'merch3', 'merch8', 'merch2', 'merch5', 'merch4', 'merch2', 'merch0']"
175,"['merch1', 'merch6', 'merch8', 'merch9', 'merch2', 'merch7', 'merch3', 'merch0', 'merch8', 'merch1', 'merch4', 'merch1', 'merch5', 'merch3', 'merch1', 'merch2', 'merch7']"
176,"['merch2', 'merch5', 'merch3', 'merch1', 'merch2', 'merch5', 'merch3', 'merch1', 'merch3', 'merch2']"
177,"['merch1', 'merch5', 'merch2', 'merch6', 'merch2', 'merch3', 'merch4', 'merch1', 'merch9', 'merch1']"
178,"['merch1', 'merch4', 'merch8', 'merch3', 'merch7', 'merch3', 'merch1', 'merch5', 'merch0', 'merch9', 'merch1', 'merch0', 'merch4', 'merch3']"
179,"['merch9', 'merch7', 'merch3', 'merch6', 'merch3', 'merch9', 'merch3', 'merch8', 'merch3', 'merch0', 'merch4', 'merch1', 'merch7', 'merch3', 'merch1']"
180,"['merch2', 'merch9', 'merch8', 'merch2', 'merch0', 'merch4', 'merch9', 'merch2', 'merch5', 'merch8', 'merch1', 'merch7', 'merch0', 'merch8', 'merch3', 'merch8', 'merch0', 'merch5', 'merch3']"
181,"['merch3', 'merch4', 'merch3', 'merch4', 'merch6', 'merch1', 'merch9', 'merch2', 'merch1', 'merch8', 'merch5', 'merch2', 'merch3', 'merch7', 'merch3', 'merch1', 'merch9', 'merch4']"
182,"['merch2', 'merch3', 'merch6', 'merch8', 'merch7', 'merch0', 'merch3', 'merch1', 'merch3', 'merch1', 'merch8', 'merch0', 'merch9']"
183,"['merch7', 'merch0', 'merch4', 'merch5', 'merch0', 'merch5', 'merch1', 'merch2', 'merch1', 'merch3', 'merch1', 'merch6', 'merch4', 'merch7', 'merch1']"
184,"['merch3', 'merch1', 'merch3', 'merch2', 'merch7', 'merch9', 'merch3', 'merch8', 'merch7', 'merch2', 'merch3']"
185,"['merch3', 'merch5', 'merch7', 'merch3', 'merch1', 'merch4', 'merch8', 'merch1', 'merch8', 'merch3', 'merch1', 'merch2']"
186,"['merch6', 'merch9', 'merch4', 'merch7', 'merch3', 'merch5', 'merch2', 'merch0', 'merch3', 'merch4', 'merch0', 'merch2', 'merch4', 'merch0', 'merch9']"
187,"['merch8', 'merch0', 'merch6', 'merch9', 'merch6', 'merch9', 'merch0', 'merch1']"
188,"['merch1', 'merch4', 'merch8', 'merch3', 'merch2', 'merch5', 'merch9', 'merch8', 'merch3', 'merch1', 'merch2']"
189,"['merch2', 'merch3', 'merch1', 'merch5', 'merch2', 'merch7', 'merch1', 'merch0', 'merch4', 'merch9', 'merch3', 'merch2', 'merch9', 'merch2', 'merch3', 'merch9', 'merch1']"
190,"['merch3', 'merch0', 'merch1', 'merch2', 'merch3', 'merch6', 'merch1', 'merch3', 'merch4', 'merch9', 'merch8', 'merch2', 'merch8', 'merch9', 'merch1']"
191,"['merch3', 'merch6', 'merch5', 'merch7', 'merch9', 'merch5', 'merch1', 'merch3', 'merch2', 'merch0', 'merch9', 'merch2', 'merch1', 'merch3', 'merch1', 'merch0', 'merch8']"
192,"['merch0', 'merch4', 'merch2', 'merch3', 'merch7', 'merch3', 'merch1', 'merch9', 'merch5', 'merch9', 'merch4', 'merch1', 'merch7', 'merch3', 'merch7', 'merch0', 'merch7', 'merch3', 'merch5', 'merch7', 'merch9', 'merch5', 'merch1', 'merch4', 'merch6']"
193,"['merch0', 'merch9', 'merch5', 'merch2', 'merch7', 'merch2', 'merch7', 'merch1', 'merch7', 'merch0', 'merch2', 'merch9', 'merch1']"
194,"['merch1', 'merch0', 'merch2', 'merch3', 'merch8', 'merch4', 'merch9', 'merch3', 'merch4', 'merch3', 'merch8', 'merch2', 'merch0', 'merch6', 'merch0', 'merch4']"
195,"['merch1', 'merch4', 'merch8', 'merch9', 'merch8', 'merch7', 'merch1', 'merch5', 'merch2', 'merch4', 'merch8', 'merch5', 'merch4', 'merch1']"
196,"['merch0', 'merch1', 'merch0', 'merch5', 'merch3', 'merch1', 'merch6', 'merch0', 'merch2', 'merch4', 'merch8', 'merch4', 'merch1', 'merch8']"
197,"['merch3', 'merch8', 'merch7', 'merch1', 'merch7', 'merch2', 'merch4', 'merch9', 'merch8', 'merch2']"
198,"['merch8', 'merch9', 'merch2', 'merch5', 'merch8', 'merch3', 'merch7', 'merch1', 'merch2', 'merch7', 'merch2', 'merch7', 'merch4', 'merch1', 'merch8', 'merch7', 'merch3', 'merch8', 'merch2', 'merch5', 'merch4', 'merch5']"
199,"['merch0', 'merch1', 'merch9', 'merch6', 'merch8', 'merch3', 'merch4', 'merch3', 'merch1', 'merch5', 'merch1', 'merch0']"
200,"['merch8', 'merch9', 'merch4', 'merch2', 'merch1', 'merch9', 'merch0', 'merch2', 'merch1', 'merch5', 'merch8', 'merch4', 'merch2', 'merch6', 'merch9', 'merch1', 'merch4', 'merch2', 'merch5', 'merch2', 'merch0', 'merch6', 'merch9', 'merch4', 'merch9', 'merch8']"
201,"['merch7', 'merch2', 'merch1', 'merch6', 'merch9', 'merch2', 'merch1', 'merch2', 'merch4', 'merch1', 'merch8', 'merch5', 'merch0', 'merch8', 'merch0', 'merch5']"
202,"['merch1', 'merch4', 'merch6', 'merch3', 'merch9', 'merch1', 'merch3', 'merch9', 'merch3', 'merch2', 'merch1', 'merch4', 'merch2', 'merch7']"
203,"['merch9', 'merch3', 'merch7', 'merch1', 'merch5', 'merch7', 'merch3', 'merch4', 'merch7', 'merch8', 'merch4', 'merch9', 'merch7', 'merch3', 'merch7', 'merch3', 'merch1']"
204,"['merch1', 'merch0', 'merch2', 'merch8', 'merch2', 'merch3', 'merch4', 'merch0', 'merch4', 'merch7', 'merch0', 'merch2', 'merch5', 'merch3', 'merch1', 'merch8', 'merch6', 'merch8', 'merch2', 'merch4']"
205,"['merch9', 'merch7', 'merch6', 'merch4', 'merch2', 'merch6', 'merch3', 'merch2', 'merch1', 'merch3', 'merch1', 'merch2', 'merch1', 'merch2']"
206,"['merch3', 'merch8', 'merch4', 'merch2', 'merch7', 'merch1', 'merch7', 'merch3', 'merch8', 'merch5', 'merch9', 'merch8', 'merch5', 'merch3', 'merch5']"
207,"['merch1', 'merch5', 'merch2', 'merch1', 'merch2', 'merch7', 'merch5', 'merch2', 'merch5', 'merch6', 'merch1', 'merch2', 'merch1', 'merch2']"
208,"['merch2', 'merch5', 'merch2', 'merch1', 'merch9', 'merch2', 'merch8', 'merch9', 'merch5', 'merch3', 'merch5', 'merch9', 'merch3', 'merch7', 'merch0', 'merch3', 'merch6', 'merch5', 'merch8', 'merch9', 'merch7', 'merch9', 'merch0']"
209,"['merch5', 'merch1', 'merch3', 'merch2', 'merch1', 'merch9', 'merch3', 'merch6', 'merch2', 'merch3']"
210,"['merch1', 'merch3', 'merch5', 'merch6', 'merch9', 'merch1', 'merch4', 'merch5', 'merch8', 'merch0', 'merch1', 'merch9']"
211,"['merch2', 'merch1', 'merch0', 'merch7', 'merch0', 'merch8', 'merch1', 'merch7', 'merch0', 'merch5', 'merch2', 'merch7']"
212,"['merch0', 'merch7', 'merch8', 'merch2', 'merch8', 'merch3', 'merch5', 'merch0', 'merch2', 'merch1', 'merch3', 'merch2', 'merch9', 'merch2', 'merch0', 'merch1']"
213,"['merch9', 'merch8', 'merch1', 'merch4', 'merch3', 'merch4', 'merch3', 'merch9', 'merch1', 'merch5', 'merch6']"
214,"['merch2', 'merch0', 'merch3', 'merch2', 'merch3', 'merch7', 'merch8', 'merch2', 'merch1', 'merch2']"
215,"['merch3', 'merch1', 'merch5', 'merch1', 'merch7', 'merch2', 'merch5', 'merch9', 'merch2', 'merch9', 'merch1', 'merch2']"
216,"['merch5', 'merch6', 'merch1', 'merch3', 'merch0', 'merch3', 'merch0', 'merch1', 'merch5']"
217,"['merch8', 'merch3', 'merch5', 'merch3', 'merch8', 'merch4', 'merch9', 'merch6', 'merch9', 'merch1', 'merch7', 'merch1', 'merch4']"
218,"['merch3', 'merch7', 'merch6', 'merch3', 'merch9', 'merch3', 'merch0', 'merch3', 'merch1', 'merch8', 'merch5', 'merch4', 'merch5', 'merch0']"
219,"['merch1', 'merch9', 'merch3', 'merch1', 'merch3', 'merch5', 'merch2', 'merch3', 'merch7', 'merch1', 'merch3', 'merch1', 'merch9', 'merch3', 'merch2']"
220,"['merch9', 'merch2', 'merch4', 'merch3', 'merch2', 'merch5', 'merch3', 'merch0', 'merch5', 'merch2', 'merch1', 'merch9', 'merch1', 'merch2', 'merch0', 'merch9']"
221,"['merch4', 'merch1', 'merch8', 'merch0', 'merch3', 'merch1', 'merch6', 'merch5', 'merch3', 'merch4', 'merch7', 'merch1', 'merch9', 'merch1', 'merch3', 'merch7', 'merch9']"
222,"['merch2', 'merch6', 'merch2', 'merch3', 'merch7', 'merch9', 'merch4', 'merch7', 'merch6', 'merch4', 'merch0', 'merch4', 'merch6', 'merch1']"
223,"['merch3', 'merch1', 'merch7', 'merch6', 'merch2', 'merch5', 'merch3', 'merch8', 'merch7', 'merch9', 'merch1', 'merch3', 'merch6', 'merch8']"
224,"['merch1', 'merch5', 'merch3', 'merch1', 'merch0', 'merch1', 'merch7', 'merch5', 'merch3', 'merch2', 'merch1', 'merch9']"
225,"['merch2', 'merch1', 'merch2', 'merch6', 'merch5', 'merch1', 'merch4', 'merch5', 'merch8', 'merch5', 'merch2', 'merch3', 'merch8', 'merch7', 'merch5', 'merch7']"
226,"['merch2', 'merch6', 'merch8', 'merch5', 'merch8', 'merch4', 'merch2', 'merch6', 'merch7', 'merch1', 'merch4', 'merch5', 'merch3', 'merch1', 'merch8', 'merch1', 'merch2']"
227,"['merch9', 'merch1', 'merch2', 'merch9', 'merch1', 'merch6', 'merch5', 'merch4', 'merch3', 'merch5', 'merch4', 'merch2', 'merch5', 'merch2', 'merch7', 'merch4', 'merch0']"
228,"['merch2', 'merch5', 'merch8', 'merch3', 'merch2', 'merch1', 'merch2', 'merch1', 'merch7', 'merch0', 'merch6', 'merch3', 'merch1', 'merch3']"
229,"['merch0', 'merch2', 'merch4', 'merch9', 'merch2', 'merch3', 'merch4', 'merch2', 'merch1', 'merch2', 'merch8', 'merch1', 'merch3', 'merch1']"
230,"['merch9', 'merch5', 'merch2', 'merch1', 'merch7', 'merch3', 'merch9', 'merch0', 'merch3', 'merch9', 'merch4', 'merch7', 'merch8', 'merch1', 'merch5', 'merch9', 'merch2', 'merch3', 'merch1', 'merch9']"
231,"['merch5', 'merch3', 'merch9', 'merch8', 'merch2', 'merch9', 'merch7', 'merch3', 'merch2', 'merch5', 'merch3', 'merch5', 'merch8']"
232,"['merch0', 'merch9', 'merch2', 'merch9', 'merch0', 'merch5', 'merch3', 'merch7', 'merch2', 'merch8', 'merch5', 'merch1', 'merch4', 'merch1', 'merch3']"
233,"['merch5', 'merch4', 'merch3', 'merch2', 'merch4', 'merch0', 'merch6', 'merch1', 'merch7', 'merch4', 'merch1', 'merch7', 'merch4', 'merch2', 'merch1', 'merch3', 'merch8', 'merch7']"
234,"['merch1', 'merch5', 'merch1', 'merch9', 'merch4', 'merch9', 'merch1', 'merch5', 'merch3', 'merch2', 'merch4', 'merch9']"
235,"['merch2', 'merch1', 'merch3', 'merch6', 'merch9', 'merch8', 'merch1', 'merch0', 'merch2', 'merch0', 'merch7', 'merch6', 'merch1', 'merch2']"
236,"['merch0', 'merch6', 'merch5', 'merch3', 'merch2', 'merch1', 'merch3', 'merch0', 'merch7', 'merch8', 'merch4', 'merch5', 'merch2', 'merch8', 'merch9', 'merch4', 'merch7']"
237,"['merch7', 'merch8', 'merch2', 'merch6', 'merch4', 'merch2', 'merch7', 'merch2', 'merch0', 'merch3', 'merch2', 'merch3', 'merch7', 'merch3', 'merch8']"
238,"['merch1', 'merch4', 'merch2', 'merch1', 'merch9', 'merch0', 'merch9', 'merch1', 'merch2', 'merch0', 'merch5', 'merch2', 'merch8', 'merch4', 'merch3']"
239,"['merch0', 'merch6', 'merch2', 'merch1', 'merch6', 'merch4', 'merch2', 'merch9', 'merch8', 'merch5', 'merch3', 'merch0', 'merch8', 'merch1', 'merch6']"
240,"['merch7', 'merch4', 'merch7', 'merch4', 'merch8', 'merch3', 'merch1', 'merch9', 'merch7', 'merch3', 'merch1', 'merch3', 'merch1', 'merch2', 'merch3', 'merch9', 'merch7']"
241,"['merch2', 'merch1', 'merch7', 'merch8', 'merch1', 'merch2', 'merch0', 'merch6', 'merch4', 'merch5', 'merch3', 'merch4', 'merch0', 'merch6']"
242,"['merch2', 'merch1', 'merch9', 'merch3', 'merch0', 'merch4', 'merch5', 'merch0', 'merch8', 'merch2', 'merch7', 'merch1', 'merch2', 'merch6', 'merch9', 'merch1', 'merch3', 'merch0', 'merch7']"
243,"['merch7', 'merch0', 'merch2', 'merch8', 'merch4', 'merch2', 'merch1', 'merch4', 'merch2', 'merch4', 'merch9', 'merch5', 'merch9', 'merch8', 'merch2', 'merch9', 'merch2', 'merch0', 'merch3', 'merch4']"
244,"['merch1', 'merch5', 'merch7', 'merch4', 'merch9', 'merch5', 'merch3', 'merch4', 'merch1', 'merch8', 'merch3', 'merch2', 'merch3', 'merch1', 'merch3', 'merch4', 'merch2']"
245,"['merch5', 'merch3', 'merch4', 'merch7', 'merch4', 'merch7', 'merch1', 'merch4', 'merch5', 'merch0', 'merch2', 'merch7', 'merch1', 'merch0', 'merch9', 'merch2', 'merch9', 'merch8', 'merch0', 'merch6']"
246,"['merch7', 'merch2', 'merch1', 'merch2', 'merch3', 'merch1', 'merch3', 'merch7', 'merch3', 'merch4', 'merch9']"
247,"['merch3', 'merch4', 'merch3', 'merch4', 'merch8', 'merch1', 'merch4', 'merch8', 'merch5', 'merch4', 'merch5', 'merch3', 'merch2', 'merch7', 'merch5', 'merch3', 'merch8']"
248,"['merch4', 'merch2', 'merch0', 'merch8', 'merch4', 'merch2', 'merch9', 'merch4', 'merch5', 'merch3', 'merch7', 'merch6', 'merch3', 'merch7', 'merch6', 'merch7', 'merch3', 'merch7', 'merch1', 'merch6']"
249,"['merch3', 'merch2', 'merch8', 'merch2', 'merch7', 'merch3', 'merch7', 'merch8', 'merch5', 'merch9', 'merch0', 'merch4', 'merch5', 'merch1']"
250,"['merch1', 'merch4', 'merch9', 'merch2', 'merch9', 'merch2', 'merch9', 'merch1', 'merch7', 'merch8', 'merch4', 'merch1', 'merch2', 'merch5', 'merch0']"
251,"['merch3', 'merch1', 'merch2', 'merch8', 'merch7', 'merch4', 'merch5', 'merch9', 'merch5', 'merch1', 'merch7', 'merch1', 'merch2', 'merch5', 'merch4', 'merch2', 'merch3', 'merch1']"
252,"['merch4', 'merch2', 'merch5', 'merch9', 'merch3', 'merch1', 'merch3', 'merch1', 'merch7', 'merch9', 'merch4', 'merch5', 'merch6', 'merch5', 'merch8', 'merch7', 'merch5', 'merch0', 'merch4', 'merch7']"
253,"['merch9', 'merch1', 'merch5', 'merch8', 'merch5', 'merch2', 'merch6', 'merch9', 'merch3', 'merch4', 'merch1', 'merch8', 'merch1', 'merch0', 'merch3', 'merch1', 'merch0', 'merch9']"
254,"['merch4', 'merch2', 'merch7', 'merch1', 'merch6', 'merch1', 'merch8', 'merch4', 'merch5', 'merch9', 'merch8', 'merch3', 'merch1']"
255,"['merch6', 'merch3', 'merch5', 'merch0', 'merch1', 'merch6', 'merch4', 'merch1', 'merch8', 'merch9', 'merch1', 'merch2', 'merch0', 'merch3', 'merch8', 'merch5']"
256,"['merch8', 'merch9', 'merch4', 'merch3', 'merch2', 'merch5', 'merch1', 'merch6', 'merch1', 'merch6', 'merch1', 'merch9', 'merch2', 'merch9', 'merch0', 'merch4', 'merch0']"
257,"['merch8', 'merch1', 'merch2', 'merch0', 'merch2', 'merch9', 'merch6', 'merch8', 'merch7', 'merch3', 'merch1', 'merch8', 'merch9', 'merch2', 'merch1', 'merch0', 'merch9', 'merch3', 'merch2']"
258,"['merch2', 'merch6', 'merch5', 'merch4', 'merch3', 'merch9', 'merch1', 'merch4', 'merch9', 'merch0', 'merch1', 'merch9', 'merch4', 'merch2', 'merch1', 'merch8']"
259,"['merch5', 'merch7', 'merch1', 'merch5', 'merch7', 'merch1', 'merch0', 'merch6', 'merch5', 'merch1', 'merch9', 'merch1']"
260,"['merch5', 'merch4', 'merch1', 'merch8', 'merch3', 'merch1', 'merch5', 'merch0', 'merch9', 'merch5', 'merch3', 'merch2', 'merch3', 'merch8', 'merch2', 'merch1', 'merch0', 'merch7', 'merch3']"
261,"['merch2', 'merch3', 'merch9', 'merch2', 'merch4', 'merch2', 'merch6', 'merch0', 'merch1', 'merch6', 'merch1']"
262,"['merch2', 'merch7', 'merch4', 'merch7', 'merch3', 'merch8', 'merch3', 'merch7', 'merch2', 'merch3', 'merch2', 'merch5']"
263,"['merch3', 'merch2', 'merch9', 'merch3', 'merch1', 'merch4', 'merch8', 'merch0', 'merch9', 'merch6', 'merch5', 'merch8', 'merch7', 'merch5', 'merch4', 'merch1']"
264,"['merch3', 'merch7', 'merch1', 'merch3', 'merch1', 'merch9', 'merch1', 'merch2', 'merch8']"
265,"['merch2', 'merch3', 'merch6', 'merch3', 'merch4', 'merch1', 'merch5', 'merch7', 'merch3', 'merch1', 'merch3', 'merch5']"
266,"['merch2', 'merch5', 'merch4', 'merch6', 'merch3', 'merch5', 'merch1', 'merch2', 'merch3', 'merch7', 'merch6', 'merch3', 'merch7', 'merch1', 'merch9', 'merch1', 'merch9', 'merch2', 'merch3']"
267,"['merch1', 'merch4', 'merch7', 'merch9', 'merch6', 'merch7', 'merch9', 'merch3', 'merch9', 'merch3']"
268,"['merch4', 'merch0', 'merch2', 'merch8', 'merch6', 'merch2', 'merch9', 'merch7', 'merch4', 'merch1', 'merch2', 'merch9', 'merch2', 'merch3', 'merch2', 'merch8', 'merch3', 'merch2']"
269,"['merch7', 'merch2', 'merch4', 'merch3', 'merch9', 'merch0', 'merch9', 'merch3', 'merch8', 'merch4', 'merch3', 'merch1', 'merch2', 'merch1', 'merch4', 'merch1', 'merch3', 'merch9', 'merch3', 'merch7', 'merch2', 'merch4']"
270,"['merch3', 'merch5', 'merch3', 'merch5', 'merch1', 'merch7', 'merch2', 'merch9', 'merch2', 'merch6', 'merch4', 'merch1', 'merch2', 'merch0', 'merch7', 'merch9', 'merch2']"
271,"['merch9', 'merch4', 'merch2', 'merch4', 'merch5', 'merch2', 'merch6', 'merch9', 'merch5', 'merch1', 'merch4', 'merch5', 'merch2', 'merch4', 'merch6', 'merch3', 'merch0', 'merch9', 'merch7']"
272,"['merch1', 'merch8', 'merch5', 'merch2', 'merch1', 'merch2', 'merch1', 'merch9', 'merch2', 'merch4', 'merch0', 'merch3', 'merch1', 'merch6']"
273,"['merch2', 'merch8', 'merch3', 'merch2', 'merch3', 'merch7', 'merch4', 'merch1', 'merch3', 'merch1', 'merch5', 'merch3', 'merch9', 'merch0']"
274,"['merch2', 'merch1', 'merch8', 'merch0', 'merch6', 'merch4', 'merch8', 'merch1', 'merch9']"
275,"['merch4', 'merch3', 'merch1', 'merch8', 'merch3', 'merch8', 'merch0', 'merch3', 'merch8', 'merch2', 'merch1', 'merch0', 'merch3', 'merch8', 'merch3', 'merch5', 'merch2', 'merch3']"
276,"['merch4', 'merch5', 'merch4', 'merch2', 'merch3', 'merch7', 'merch2', 'merch7', 'merch2', 'merch5', 'merch2', 'merch1', 'merch6', 'merch7', 'merch3', 'merch5', 'merch1', 'merch5', 'merch4']"
277,"['merch8', 'merch7', 'merch2', 'merch9', 'merch4', 'merch7', 'merch2', 'merch3', 'merch1', 'merch3', 'merch9', 'merch4', 'merch9', 'merch2']"
278,"['merch1', 'merch7', 'merch8', 'merch2', 'merch7', 'merch1', 'merch5', 'merch3', 'merch5', 'merch4', 'merch1', 'merch0', 'merch4', 'merch2', 'merch5', 'merch2', 'merch1', 'merch6']"
279,"['merch3', 'merch1', 'merch0', 'merch9', 'merch8', 'merch0', 'merch4', 'merch7', 'merch3', 'merch1', 'merch2', 'merch8', 'merch1', 'merch5']"
280,"['merch6', 'merch1', 'merch8', 'merch3', 'merch7', 'merch1', 'merch2', 'merch1', 'merch9', 'merch3', 'merch8', 'merch5']"
281,"['merch4', 'merch3', 'merch2', 'merch3', 'merch4', 'merch7', 'merch1', 'merch7', 'merch6', 'merch8', 'merch3', 'merch4', 'merch7', 'merch9', 'merch2', 'merch3', 'merch2', 'merch8', 'merch0', 'merch7']"
282,"['merch1', 'merch6', 'merch1', 'merch7', 'merch1', 'merch9', 'merch2', 'merch0', 'merch3', 'merch1', 'merch2', 'merch6']"
283,"['merch0', 'merch4', 'merch2', 'merch5', 'merch0', 'merch7', 'merch3', 'merch0', 'merch9', 'merch8', 'merch3']"
284,"['merch2', 'merch9', 'merch2', 'merch8', 'merch4', 'merch2', 'merch4', 'merch2', 'merch0', 'merch3', 'merch7', 'merch5', 'merch1', 'merch3']"
285,"['merch3', 'merch9', 'merch1', 'merch2', 'merch5', 'merch4', 'merch2', 'merch3', 'merch7', 'merch2', 'merch0', 'merch9', 'merch4', 'merch0', 'merch1', 'merch6', 'merch5', 'merch4', 'merch1', 'merch2', 'merch4']"
286,"['merch7', 'merch4', 'merch8', 'merch4', 'merch7', 'merch8', 'merch2', 'merch5', 'merch4', 'merch5', 'merch7', 'merch6']"
287,"['merch1', 'merch5', 'merch8', 'merch5', 'merch8', 'merch2', 'merch9', 'merch5', 'merch3', 'merch1', 'merch9', 'merch3']"
288,"['merch0', 'merch4', 'merch7', 'merch3', 'merch2', 'merch4', 'merch6', 'merch3', 'merch1']"
289,"['merch9', 'merch3', 'merch0', 'merch7', 'merch9', 'merch6', 'merch8', 'merch7', 'merch1', 'merch4', 'merch1', 'merch3', 'merch2', 'merch7']"
290,"['merch2', 'merch0', 'merch9', 'merch5', 'merch3', 'merch2', 'merch6', 'merch0', 'merch5', 'merch9', 'merch4', 'merch2', 'merch5', 'merch2', 'merch1', 'merch3', 'merch9']"
291,"['merch8', 'merch9', 'merch2', 'merch5', 'merch2', 'merch1', 'merch0', 'merch5', 'merch0', 'merch5', 'merch0', 'merch8', 'merch2', 'merch0', 'merch7']"
292,"['merch3', 'merch7', 'merch3', 'merch7', 'merch6', 'merch1', 'merch5', 'merch1', 'merch6', 'merch1', 'merch4', 'merch7', 'merch6', 'merch3', 'merch0']"
293,"['merch7', 'merch3', 'merch8', 'merch0', 'merch8', 'merch4', 'merch1', 'merch3', 'merch1', 'merch3', 'merch2', 'merch3', 'merch2', 'merch5', 'merch7', 'merch4', 'merch9']"
294,"['merch2', 'merch7', 'merch3', 'merch4', 'merch2', 'merch3', 'merch9', 'merch5', 'merch2', 'merch0', 'merch1', 'merch2', 'merch3', 'merch8', 'merch0', 'merch2']"
295,"['merch4', 'merch1', 'merch2', 'merch5', 'merch3', 'merch8', 'merch3', 'merch1', 'merch5', 'merch7', 'merch9']"
296,"['merch8', 'merch1', 'merch2', 'merch3', 'merch4', 'merch5', 'merch1', 'merch3', 'merch1', 'merch5', 'merch4', 'merch3', 'merch2']"
297,"['merch9', 'merch3', 'merch1', 'merch4', 'merch1', 'merch7', 'merch2', 'merch9', 'merch1', 'merch2', 'merch5', 'merch3', 'merch4']"
298,"['merch9', 'merch7', 'merch5', 'merch2', 'merch0', 'merch4', 'merch1', 'merch0', 'merch9', 'merch4', 'merch2', 'merch9', 'merch8', 'merch1', 'merch3', 'merch2', 'merch0', 'merch1', 'merch5', 'merch9']"
299,"['merch2', 'merch3', 'merch2', 'merch3', 'merch5', 'merch7', 'merch1', 'merch3', 'merch1', 'merch6', 'merch3', 'merch7', 'merch1', 'merch2', 'merch9']"
300,"['merch4', 'merch2', 'merch5', 'merch4', 'merch0', 'merch2', 'merch4', 'merch8', 'merch3', 'merch9', 'merch6', 'merch3', 'merch8', 'merch1', 'merch9', 'merch4']"
301,"['merch4', 'merch7', 'merch0', 'merch4', 'merch5', 'merch4', 'merch8', 'merch9', 'merch1', 'merch4', 'merch8', 'merch1', 'merch9', 'merch6', 'merch0', 'merch6', 'merch8']"
302,"['merch8', 'merch2', 'merch9', 'merch1', 'merch2', 'merch8', 'merch0', 'merch1', 'merch0', 'merch6', 'merch1', 'merch8', 'merch9', 'merch3']"
303,"['merch9', 'merch0', 'merch2', 'merch7', 'merch6', 'merch5', 'merch7', 'merch2', 'merch1', 'merch5', 'merch9', 'merch3', 'merch8', 'merch1', 'merch4', 'merch7', 'merch6', 'merch1']"
304,"['merch7', 'merch4', 'merch1', 'merch9', 'merch2', 'merch6', 'merch4', 'merch9', 'merch2', 'merch9', 'merch1', 'merch2', 'merch1', 'merch2', 'merch9']"
305,"['merch3', 'merch2', 'merch5', 'merch1', 'merch5', 'merch1', 'merch7', 'merch0', 'merch1', 'merch0', 'merch1', 'merch0', 'merch2', 'merch3', 'merch7', 'merch0', 'merch1', 'merch4', 'merch6']"
306,"['merch2', 'merch5', 'merch1', 'merch5', 'merch4', 'merch3', 'merch7', 'merch0', 'merch1', 'merch3', 'merch9', 'merch7', 'merch4', 'merch1', 'merch6', 'merch3', 'merch6']"
307,"['merch0', 'merch4', 'merch8', 'merch1', 'merch2', 'merch4', 'merch0', 'merch3', 'merch9', 'merch3', 'merch0']"
308,"['merch1', 'merch2', 'merch1', 'merch8', 'merch1', 'merch5', 'merch2', 'merch4']"
309,"['merch8', 'merch5', 'merch1', 'merch4', 'merch7', 'merch1', 'merch7', 'merch4', 'merch2', 'merch5', 'merch6', 'merch4', 'merch5', 'merch2', 'merch4', 'merch2', 'merch8', 'merch7', 'merch6']"
310,"['merch2', 'merch0', 'merch2', 'merch4', 'merch3', 'merch9', 'merch0', 'merch3', 'merch8', 'merch7', 'merch4', 'merch1']"
311,"['merch3', 'merch0', 'merch2', 'merch1', 'merch4', 'merch2', 'merch0', 'merch2', 'merch7', 'merch9', 'merch5', 'merch0']"
312,"['merch5', 'merch9', 'merch1', 'merch8', 'merch1', 'merch7', 'merch3', 'merch1', 'merch6', 'merch7', 'merch1', 'merch5', 'merch2']"
313,"['merch3', 'merch9', 'merch1', 'merch8', 'merch4', 'merch2', 'merch5', 'merch0', 'merch3', 'merch8', 'merch0', 'merch5', 'merch2', 'merch3', 'merch1', 'merch2', 'merch9']"
314,"['merch6', 'merch4', 'merch1', 'merch3', 'merch8', 'merch2', 'merch3', 'merch8', 'merch2', 'merch8', 'merch2', 'merch3', 'merch7', 'merch4', 'merch1', 'merch4']"
315,"['merch8', 'merch5', 'merch8', 'merch6', 'merch9', 'merch1', 'merch3', 'merch4', 'merch3', 'merch4', 'merch1', 'merch3', 'merch2']"
316,"['merch9', 'merch2', 'merch1', 'merch7', 'merch2', 'merch6', 'merch3', 'merch2', 'merch4', 'merch1', 'merch7', 'merch1', 'merch8']"
317,"['merch3', 'merch2', 'merch3', 'merch1', 'merch4', 'merch1', 'merch7', 'merch0', 'merch7', 'merch3', 'merch1', 'merch9', 'merch2', 'merch4', 'merch5', 'merch0', 'merch5', 'merch0', 'merch3', 'merch5', 'merch1']"
318,"['merch5', 'merch4', 'merch7', 'merch8', 'merch4', 'merch9', 'merch6', 'merch4', 'merch1', 'merch4', 'merch1', 'merch6', 'merch1']"
319,"['merch5', 'merch1', 'merch9', 'merch7', 'merch2', 'merch1', 'merch2', 'merch1', 'merch0', 'merch9', 'merch1', 'merch2', 'merch8', 'merch5', 'merch4', 'merch5', 'merch1', 'merch5', 'merch1', 'merch7', 'merch1', 'merch2']"
320,"['merch1', 'merch2', 'merch3', 'merch5', 'merch8', 'merch2', 'merch5', 'merch4', 'merch2', 'merch4', 'merch8', 'merch7', 'merch1', 'merch3', 'merch0', 'merch7', 'merch2', 'merch1', 'merch2', 'merch7']"
321,"['merch8', 'merch7', 'merch0', 'merch7', 'merch2', 'merch5', 'merch0', 'merch9', 'merch4', 'merch2', 'merch4', 'merch8', 'merch5']"
322,"['merch1', 'merch7', 'merch4', 'merch3', 'merch1', 'merch8', 'merch1', 'merch7', 'merch4', 'merch2', 'merch4', 'merch2', 'merch3', 'merch7', 'merch4']"
323,"['merch5', 'merch6', 'merch3', 'merch5', 'merch9', 'merch8', 'merch4', 'merch1', 'merch4', 'merch1', 'merch3', 'merch2']"
324,"['merch9', 'merch2', 'merch5', 'merch4', 'merch9', 'merch4', 'merch7', 'merch1', 'merch5', 'merch1', 'merch2', 'merch1', 'merch2', 'merch1']"
325,"['merch3', 'merch1', 'merch9', 'merch0', 'merch5', 'merch9', 'merch1', 'merch8', 'merch5']"
326,"['merch1', 'merch3', 'merch4', 'merch8', 'merch4', 'merch6', 'merch7', 'merch3', 'merch0', 'merch5', 'merch4', 'merch1', 'merch2', 'merch8', 'merch2', 'merch9', 'merch1', 'merch6', 'merch5', 'merch1', 'merch2', 'merch5', 'merch1']"
327,"['merch2', 'merch9', 'merch1', 'merch9', 'merch4', 'merch9', 'merch4', 'merch1', 'merch3', 'merch5', 'merch4', 'merch8', 'merch1']"
328,"['merch9', 'merch0', 'merch7', 'merch2', 'merch8', 'merch1', 'merch4', 'merch8', 'merch4', 'merch3', 'merch8', 'merch7', 'merch2', 'merch3', 'merch1', 'merch4', 'merch3', 'merch7']"
329,"['merch0', 'merch1', 'merch3', 'merch2', 'merch6', 'merch3', 'merch9', 'merch6', 'merch0', 'merch1', 'merch9', 'merch0', 'merch8', 'merch1']"
330,"['merch4', 'merch1', 'merch7', 'merch9', 'merch0', 'merch7', 'merch1', 'merch4', 'merch5', 'merch2', 'merch1', 'merch2', 'merch9', 'merch1', 'merch7', 'merch1']"
331,"['merch7', 'merch5', 'merch7', 'merch3', 'merch2', 'merch5', 'merch1', 'merch7', 'merch1', 'merch2']"
332,"['merch5', 'merch2', 'merch5', 'merch4', 'merch2', 'merch9', 'merch3', 'merch1', 'merch5']"
333,"['merch4', 'merch7', 'merch9', 'merch7', 'merch9', 'merch1', 'merch3', 'merch5', 'merch1', 'merch5', 'merch9', 'merch6', 'merch5', 'merch3', 'merch2', 'merch9', 'merch1']"
334,"['merch5', 'merch2', 'merch6', 'merch1', 'merch2', 'merch3', 'merch6', 'merch1', 'merch2', 'merch1', 'merch2', 'merch1', 'merch4', 'merch3', 'merch2']"
335,"['merch2', 'merch1', 'merch3', 'merch4', 'merch5', 'merch2', 'merch9', 'merch0', 'merch2', 'merch6', 'merch7', 'merch9']"
336,"['merch2', 'merch3', 'merch2', 'merch9', 'merch7', 'merch2', 'merch9', 'merch2', 'merch8']"
337,"['merch3', 'merch7', 'merch4', 'merch1', 'merch2', 'merch7', 'merch3', 'merch2', 'merch9', 'merch3', 'merch2', 'merch6', 'merch8', 'merch9', 'merch2']"
338,"['merch7', 'merch9', 'merch8', 'merch2', 'merch9', 'merch2', 'merch8', 'merch1', 'merch2', 'merch1', 'merch4', 'merch1', 'merch2', 'merch5', 'merch4', 'merch9', 'merch5', 'merch6', 'merch2', 'merch1']"
339,"['merch2', 'merch0', 'merch1', 'merch9', 'merch8', 'merch9', 'merch0', 'merch8', 'merch9', 'merch2', 'merch5']"
340,"['merch2', 'merch1', 'merch3', 'merch2', 'merch3', 'merch2', 'merch3', 'merch1', 'merch3', 'merch8', 'merch2', 'merch1', 'merch7', 'merch2']"
341,"['merch1', 'merch9', 'merch0', 'merch7', 'merch4', 'merch9', 'merch4', 'merch9', 'merch5', 'merch4', 'merch3', 'merch9', 'merch7', 'merch9', 'merch8']"
342,"['merch9', 'merch1', 'merch3', 'merch4', 'merch1', 'merch5', 'merch0', 'merch2']"
343,"['merch1', 'merch3', 'merch4', 'merch3', 'merch1', 'merch2', 'merch6', 'merch3', 'merch5', 'merch8', 'merch3', 'merch2', 'merch8', 'merch1', 'merch2', 'merch4', 'merch2']"
344,"['merch9', 'merch0', 'merch2', 'merch1', 'merch7', 'merch1', 'merch6', 'merch9', 'merch2', 'merch9', 'merch3', 'merch4', 'merch3', 'merch7', 'merch2', 'merch1', 'merch4', 'merch2', 'merch0']"
345,"['merch9', 'merch7', 'merch2', 'merch8', 'merch3', 'merch0', 'merch8', 'merch5', 'merch2', 'merch9', 'merch0']"
346,"['merch2', 'merch9', 'merch3', 'merch7', 'merch4', 'merch3', 'merch2', 'merch1', 'merch2', 'merch1', 'merch7', 'merch5']"
347,"['merch1', 'merch9', 'merch1', 'merch7', 'merch3', 'merch2', 'merch8', 'merch9', 'merch2', 'merch6', 'merch9']"
348,"['merch9', 'merch5', 'merch0', 'merch8', 'merch7', 'merch8', 'merch9', 'merch2', 'merch8', 'merch1', 'merch3', 'merch1']"
349,"['merch2', 'merch5', 'merch3', 'merch1', 'merch2', 'merch5', 'merch4', 'merch1', 'merch2', 'merch5', 'merch2', 'merch1', 'merch3', 'merch7', 'merch9']"
350,"['merch1', 'merch2', 'merch8', 'merch2', 'merch4', 'merch1', 'merch8', 'merch5', 'merch3', 'merch8', 'merch3', 'merch1', 'merch9', 'merch7', 'merch0', 'merch7', 'merch8']"
351,"['merch2', 'merch6', 'merch5', 'merch7', 'merch3', 'merch1', 'merch8', 'merch5', 'merch2', 'merch9', 'merch8', 'merch4', 'merch1', 'merch2']"
352,"['merch3', 'merch5', 'merch1', 'merch4', 'merch9', 'merch6', 'merch7', 'merch9', 'merch1', 'merch4', 'merch1', 'merch4', 'merch0', 'merch3', 'merch6', 'merch4', 'merch7', 'merch3', 'merch2', 'merch5', 'merch4', 'merch8', 'merch3']"
353,"['merch2', 'merch7', 'merch3', 'merch2', 'merch8', 'merch7', 'merch4', 'merch5', 'merch1']"
354,"['merch3', 'merch1', 'merch8', 'merch1', 'merch8', 'merch3', 'merch4', 'merch1', 'merch2', 'merch5', 'merch2', 'merch5']"
355,"['merch5', 'merch1', 'merch6', 'merch5', 'merch3', 'merch1', 'merch6', 'merch1', 'merch2', 'merch8', 'merch0', 'merch2']"
356,"['merch2', 'merch1', 'merch5', 'merch2', 'merch0', 'merch2', 'merch0', 'merch1', 'merch5']"
357,"['merch4', 'merch1', 'merch8', 'merch5', 'merch7', 'merch9', 'merch8', 'merch5', 'merch7']"
358,"['merch0', 'merch4', 'merch7', 'merch1', 'merch0', 'merch1', 'merch3', 'merch5', 'merch2', 'merch5', 'merch4', 'merch7', 'merch1', 'merch9', 'merch0', 'merch3', 'merch2', 'merch8', 'merch4']"
359,"['merch1', 'merch4', 'merch3', 'merch2', 'merch4', 'merch0', 'merch1', 'merch8', 'merch5', 'merch9', 'merch2', 'merch3', 'merch2', 'merch3', 'merch2']"
360,"['merch8', 'merch9', 'merch1', 'merch2', 'merch8', 'merch1', 'merch0', 'merch9', 'merch7', 'merch4', 'merch3', 'merch4', 'merch7', 'merch1', 'merch4', 'merch1']"
361,"['merch7', 'merch8', 'merch1', 'merch8', 'merch7', 'merch2', 'merch4', 'merch2', 'merch3', 'merch5', 'merch3']"
362,"['merch0', 'merch7', 'merch5', 'merch7', 'merch2', 'merch7', 'merch1', 'merch9', 'merch7', 'merch6', 'merch1', 'merch3']"
363,"['merch2', 'merch5', 'merch7', 'merch2', 'merch1', 'merch9', 'merch8', 'merch1', 'merch9', 'merch1', 'merch4', 'merch3', 'merch2', 'merch9']"
364,"['merch4', 'merch2', 'merch9', 'merch5', 'merch2', 'merch9', 'merch1', 'merch2', 'merch6', 'merch1', 'merch5', 'merch1', 'merch3', 'merch1', 'merch8', 'merch2']"
365,"['merch0', 'merch4', 'merch9', 'merch0', 'merch2', 'merch5', 'merch6', 'merch0', 'merch7']"
366,"['merch0', 'merch5', 'merch1', 'merch3', 'merch5', 'merch7', 'merch9', 'merch5', 'merch3', 'merch1', 'merch8']"
367,"['merch1', 'merch8', 'merch2', 'merch5', 'merch0', 'merch1', 'merch0', 'merch8', 'merch3', 'merch2', 'merch1']"
368,"['merch9', 'merch4', 'merch2', 'merch7', 'merch3', 'merch1', 'merch2']"
369,"['merch4', 'merch1', 'merch5', 'merch1', 'merch9', 'merch3', 'merch9', 'merch1', 'merch9', 'merch3', 'merch1', 'merch7', 'merch5', 'merch3', 'merch6', 'merch9']"
370,"['merch9', 'merch7', 'merch6', 'merch3', 'merch1', 'merch4', 'merch1', 'merch5', 'merch3', 'merch5', 'merch7', 'merch9', 'merch2', 'merch1']"
371,"['merch1', 'merch0', 'merch6', 'merch8', 'merch3', 'merch1', 'merch4', 'merch6', 'merch3', 'merch1', 'merch2', 'merch4', 'merch3', 'merch2', 'merch9', 'merch2', 'merch5']"
372,"['merch1', 'merch3', 'merch5', 'merch1', 'merch4', 'merch3', 'merch9', 'merch7', 'merch4', 'merch0', 'merch2', 'merch3', 'merch7', 'merch8', 'merch6']"
373,"['merch2', 'merch0', 'merch2', 'merch1', 'merch2', 'merch0', 'merch3', 'merch9', 'merch3', 'merch7', 'merch1', 'merch2']"
374,"['merch1', 'merch3', 'merch5', 'merch0', 'merch7', 'merch9', 'merch1', 'merch0', 'merch7', 'merch2', 'merch8', 'merch2', 'merch3', 'merch1', 'merch4', 'merch2']"
375,"['merch2', 'merch9', 'merch7', 'merch2', 'merch5', 'merch3', 'merch5', 'merch0', 'merch1', 'merch2', 'merch3', 'merch1', 'merch2', 'merch7', 'merch1', 'merch4']"
376,"['merch3', 'merch0', 'merch5', 'merch2', 'merch4', 'merch5', 'merch2', 'merch4', 'merch0', 'merch5', 'merch2', 'merch3', 'merch4', 'merch8', 'merch1', 'merch8', 'merch3']"
377,"['merch4', 'merch5', 'merch1', 'merch5', 'merch3', 'merch0', 'merch9', 'merch8', 'merch1', 'merch0', 'merch3', 'merch9', 'merch4']"
378,"['merch7', 'merch9', 'merch2', 'merch8', 'merch1', 'merch8', 'merch1', 'merch3', 'merch1', 'merch0', 'merch4', 'merch1', 'merch4', 'merch7', 'merch1', 'merch6']"
379,"['merch1', 'merch4', 'merch1', 'merch5', 'merch1', 'merch2', 'merch3', 'merch2', 'merch9', 'merch7']"
380,"['merch4', 'merch3', 'merch7', 'merch1', 'merch7', 'merch1', 'merch2', 'merch1', 'merch7', 'merch8', 'merch7', 'merch0', 'merch9', 'merch3', 'merch2', 'merch9', 'merch2', 'merch9']"
381,"['merch4', 'merch8', 'merch4', 'merch5', 'merch0', 'merch1', 'merch0', 'merch3', 'merch7', 'merch1']"
382,"['merch1', 'merch7', 'merch5', 'merch3', 'merch0', 'merch1', 'merch7', 'merch2', 'merch4', 'merch9', 'merch6', 'merch7', 'merch3', 'merch0', 'merch4', 'merch1', 'merch8']"
383,"['merch2', 'merch3', 'merch7', 'merch1', 'merch6', 'merch3', 'merch2', 'merch5', 'merch6', 'merch8', 'merch7', 'merch1', 'merch8']"
384,"['merch9', 'merch2', 'merch0', 'merch7', 'merch4', 'merch1', 'merch9', 'merch8', 'merch1', 'merch9', 'merch7', 'merch0', 'merch7']"
385,"['merch0', 'merch3', 'merch1', 'merch9', 'merch1', 'merch8', 'merch5', 'merch1', 'merch7', 'merch8', 'merch6', 'merch8', 'merch4', 'merch2', 'merch5', 'merch4', 'merch3', 'merch2']"
386,"['merch2', 'merch0', 'merch1', 'merch4', 'merch1', 'merch6', 'merch1', 'merch8', 'merch7', 'merch5', 'merch3', 'merch1', 'merch8', 'merch1', 'merch4', 'merch5', 'merch9', 'merch4', 'merch7', 'merch6', 'merch8']"
387,"['merch5', 'merch3', 'merch1', 'merch7', 'merch9', 'merch2', 'merch7', 'merch4', 'merch3']"
388,"['merch4', 'merch7', 'merch9', 'merch4', 'merch3', 'merch5', 'merch3', 'merch8', 'merch9', 'merch3', 'merch4', 'merch2', 'merch1', 'merch0']"
389,"['merch1', 'merch3', 'merch7', 'merch2', 'merch1', 'merch5', 'merch3', 'merch2', 'merch4', 'merch2', 'merch8', 'merch3']"
390,"['merch8', 'merch1', 'merch8', 'merch4', 'merch0', 'merch9', 'merch2', 'merch1', 'merch9', 'merch2', 'merch1', 'merch4', 'merch8', 'merch7', 'merch4', 'merch8', 'merch3', 'merch4', 'merch0', 'merch9', 'merch5']"
391,"['merch1', 'merch4', 'merch7', 'merch3', 'merch9', 'merch6', 'merch2', 'merch5', 'merch7', 'merch8', 'merch5', 'merch3', 'merch4', 'merch1', 'merch5', 'merch1']"
392,"['merch1', 'merch4', 'merch5', 'merch1', 'merch7', 'merch2', 'merch1', 'merch3', 'merch1', 'merch3', 'merch8', 'merch4', 'merch3', 'merch8', 'merch0', 'merch1']"
393,"['merch1', 'merch3', 'merch7', 'merch1', 'merch7', 'merch5', 'merch3', 'merch4', 'merch3']"
394,"['merch1', 'merch0', 'merch2', 'merch3', 'merch7', 'merch3', 'merch4', 'merch0', 'merch9', 'merch5', 'merch3', 'merch1', 'merch3', 'merch2']"
395,"['merch5', 'merch8', 'merch9', 'merch7', 'merch4', 'merch0', 'merch2', 'merch7', 'merch3', 'merch9', 'merch2']"
396,"['merch8', 'merch5', 'merch2', 'merch7', 'merch2', 'merch6', 'merch3', 'merch2', 'merch3', 'merch2', 'merch7', 'merch1', 'merch9', 'merch5', 'merch1', 'merch9']"
397,"['merch7', 'merch2', 'merch8', 'merch0', 'merch9', 'merch5', 'merch6', 'merch4', 'merch0', 'merch8', 'merch5', 'merch8', 'merch2', 'merch3', 'merch5', 'merch8', 'merch9', 'merch5', 'merch9']"
398,"['merch5', 'merch4', 'merch7', 'merch2', 'merch8', 'merch2', 'merch1', 'merch0', 'merch5', 'merch1', 'merch2', 'merch7', 'merch1', 'merch5']"
399,"['merch2', 'merch3', 'merch2', 'merch9', 'merch5', 'merch0', 'merch4', 'merch1', 'merch5', 'merch8', 'merch3', 'merch1', 'merch3', 'merch6', 'merch7', 'merch2']"
400,"['merch3', 'merch7', 'merch1', 'merch3', 'merch9', 'merch3', 'merch9', 'merch2', 'merch9', 'merch2', 'merch5', 'merch7', 'merch6', 'merch3', 'merch8', 'merch4', 'merch1']"
401,"['merch5', 'merch8', 'merch3', 'merch8', 'merch3', 'merch1', 'merch3', 'merch8', 'merch5', 'merch1', 'merch2', 'merch1', 'merch2', 'merch6']"
402,"['merch3', 'merch0', 'merch2', 'merch3', 'merch6', 'merch5', 'merch2', 'merch5', 'merch8', 'merch2', 'merch3', 'merch2', 'merch8', 'merch4', 'merch9', 'merch3', 'merch4', 'merch5', 'merch2']"
403,"['merch2', 'merch8', 'merch9', 'merch8', 'merch3', 'merch5', 'merch4', 'merch8', 'merch2', 'merch8', 'merch5', 'merch4', 'merch9', 'merch5', 'merch7']"
404,"['merch1', 'merch3', 'merch1', 'merch2', 'merch5', 'merch2', 'merch9', 'merch5', 'merch2', 'merch7', 'merch8', 'merch9', 'merch4', 'merch7', 'merch3']"
405,"['merch7', 'merch6', 'merch5', 'merch6', 'merch1', 'merch5', 'merch7', 'merch2', 'merch0', 'merch3', 'merch7', 'merch1', 'merch2', 'merch8', 'merch9', 'merch3']"
406,"['merch3', 'merch2', 'merch8', 'merch1', 'merch4', 'merch1', 'merch4', 'merch9', 'merch8', 'merch4', 'merch1', 'merch7', 'merch2', 'merch0', 'merch4', 'merch7', 'merch5', 'merch3', 'merch2']"
407,"['merch7', 'merch0', 'merch8', 'merch6', 'merch5', 'merch9', 'merch8', 'merch1', 'merch5', 'merch8', 'merch4']"
408,"['merch1', 'merch5', 'merch9', 'merch4', 'merch9', 'merch8', 'merch9', 'merch4', 'merch1', 'merch8', 'merch1', 'merch7', 'merch3', 'merch5', 'merch7', 'merch9', 'merch7', 'merch2']"
409,"['merch2', 'merch3', 'merch0', 'merch3', 'merch5', 'merch3', 'merch2', 'merch6', 'merch2', 'merch8', 'merch3', 'merch5']"
410,"['merch1', 'merch3', 'merch0', 'merch4', 'merch8', 'merch4', 'merch8', 'merch5', 'merch2', 'merch3', 'merch2', 'merch8']"
411,"['merch0', 'merch1', 'merch9', 'merch5', 'merch4', 'merch9', 'merch3', 'merch8', 'merch2', 'merch6', 'merch5', 'merch1']"
412,"['merch7', 'merch3', 'merch1', 'merch4', 'merch7', 'merch2', 'merch9', 'merch5', 'merch7', 'merch9', 'merch7', 'merch5', 'merch1', 'merch6']"
413,"['merch7', 'merch3', 'merch8', 'merch1', 'merch8', 'merch1', 'merch9', 'merch8', 'merch3', 'merch8', 'merch1', 'merch2', 'merch3', 'merch4', 'merch8']"
414,"['merch3', 'merch0', 'merch8', 'merch7', 'merch9', 'merch4', 'merch7', 'merch2', 'merch0', 'merch2', 'merch1', 'merch9', 'merch1', 'merch7', 'merch4']"
415,"['merch5', 'merch4', 'merch1', 'merch3', 'merch2', 'merch5', 'merch0', 'merch2', 'merch1', 'merch2', 'merch5', 'merch6', 'merch9', 'merch2', 'merch1', 'merch6', 'merch9', 'merch7', 'merch1']"
416,"['merch1', 'merch5', 'merch4', 'merch5', 'merch7', 'merch1', 'merch5', 'merch9', 'merch8', 'merch5', 'merch1', 'merch2', 'merch7', 'merch2', 'merch8', 'merch1', 'merch7', 'merch1']"
417,"['merch0', 'merch1', 'merch2', 'merch9', 'merch5', 'merch2', 'merch3', 'merch8', 'merch5', 'merch3', 'merch1', 'merch3']"
418,"['merch5', 'merch6', 'merch1', 'merch9', 'merch4', 'merch7', 'merch9', 'merch6', 'merch5', 'merch7', 'merch3', 'merch2', 'merch8', 'merch4', 'merch2', 'merch1']"
419,"['merch3', 'merch2', 'merch1', 'merch2', 'merch3', 'merch9', 'merch2', 'merch1', 'merch8', 'merch7', 'merch9', 'merch4', 'merch2', 'merch8', 'merch9', 'merch3']"
420,"['merch1', 'merch9', 'merch5', 'merch1', 'merch2', 'merch3', 'merch2', 'merch1', 'merch2', 'merch7', 'merch9']"
421,"['merch7', 'merch1', 'merch6', 'merch0', 'merch2', 'merch8', 'merch7', 'merch0', 'merch3', 'merch5', 'merch1', 'merch2', 'merch3', 'merch1']"
422,"['merch2', 'merch5', 'merch4', 'merch0', 'merch1', 'merch3', 'merch8', 'merch7', 'merch1', 'merch5', 'merch2', 'merch3', 'merch6', 'merch9', 'merch0', 'merch1']"
423,"['merch0', 'merch1', 'merch7', 'merch8', 'merch9', 'merch0', 'merch2', 'merch0', 'merch7', 'merch4', 'merch1', 'merch5', 'merch9', 'merch2']"
424,"['merch6', 'merch4', 'merch8', 'merch2', 'merch7', 'merch1', 'merch9', 'merch7', 'merch8', 'merch3', 'merch7', 'merch8', 'merch3', 'merch9', 'merch8', 'merch9']"
425,"['merch6', 'merch1', 'merch3', 'merch1', 'merch4', 'merch2', 'merch9', 'merch3', 'merch6', 'merch2', 'merch1', 'merch2', 'merch8', 'merch9', 'merch5', 'merch1', 'merch6', 'merch3']"
426,"['merch9', 'merch5', 'merch8', 'merch5', 'merch4', 'merch7', 'merch4', 'merch9', 'merch7', 'merch4', 'merch1', 'merch7', 'merch5', 'merch9', 'merch4']"
427,"['merch0', 'merch4', 'merch1', 'merch8', 'merch6', 'merch8', 'merch3', 'merch7', 'merch3', 'merch9', 'merch1', 'merch4']"
428,"['merch4', 'merch8', 'merch2', 'merch5', 'merch2', 'merch1', 'merch7', 'merch2']"
429,"['merch8', 'merch1', 'merch8', 'merch9', 'merch5', 'merch2', 'merch5', 'merch2', 'merch8', 'merch9', 'merch2', 'merch7', 'merch3', 'merch6', 'merch1', 'merch5', 'merch1']"
430,"['merch5', 'merch7', 'merch5', 'merch3', 'merch2', 'merch3', 'merch8', 'merch7', 'merch3', 'merch9', 'merch2', 'merch9', 'merch7', 'merch2', 'merch7', 'merch1', 'merch2', 'merch0', 'merch2', 'merch5', 'merch8', 'merch3', 'merch6', 'merch0', 'merch4', 'merch6', 'merch1']"
431,"['merch1', 'merch8', 'merch7', 'merch8', 'merch5', 'merch0', 'merch2', 'merch1', 'merch8', 'merch2', 'merch4', 'merch1', 'merch2', 'merch3', 'merch5']"
432,"['merch5', 'merch7', 'merch4', 'merch9', 'merch1', 'merch6', 'merch8', 'merch5', 'merch3', 'merch5', 'merch1']"
433,"['merch3', 'merch1', 'merch8', 'merch1', 'merch7', 'merch1', 'merch2', 'merch8', 'merch4', 'merch9', 'merch5', 'merch0', 'merch7', 'merch1', 'merch3', 'merch4', 'merch6']"
434,"['merch4', 'merch9', 'merch1', 'merch9', 'merch0', 'merch7', 'merch9', 'merch1', 'merch2', 'merch9']"
435,"['merch7', 'merch9', 'merch8', 'merch4', 'merch0', 'merch2', 'merch1', 'merch2', 'merch5', 'merch3', 'merch0', 'merch2', 'merch9', 'merch3']"
436,"['merch7', 'merch1', 'merch4', 'merch5', 'merch0', 'merch9', 'merch1', 'merch5', 'merch6', 'merch0', 'merch8', 'merch4', 'merch1', 'merch2', 'merch3', 'merch1', 'merch3', 'merch8', 'merch3', 'merch0', 'merch2', 'merch3', 'merch4', 'merch3', 'merch9', 'merch2']"
437,"['merch2', 'merch1', 'merch6', 'merch7', 'merch1', 'merch4', 'merch1', 'merch4', 'merch8', 'merch9', 'merch3', 'merch2', 'merch5', 'merch3', 'merch9', 'merch1']"
438,"['merch8', 'merch2', 'merch7', 'merch6', 'merch2', 'merch8', 'merch2', 'merch9', 'merch2', 'merch3', 'merch4']"
439,"['merch1', 'merch8', 'merch3', 'merch1', 'merch4', 'merch3', 'merch9', 'merch8', 'merch5', 'merch7', 'merch6', 'merch7', 'merch8', 'merch4', 'merch8', 'merch2', 'merch3']"
440,"['merch6', 'merch5', 'merch2', 'merch4', 'merch8', 'merch0', 'merch6', 'merch1', 'merch5', 'merch1', 'merch9', 'merch6', 'merch8', 'merch1', 'merch3', 'merch4', 'merch9', 'merch3', 'merch1', 'merch5']"
441,"['merch9', 'merch5', 'merch1', 'merch3', 'merch7', 'merch1', 'merch9', 'merch1', 'merch4', 'merch6', 'merch2', 'merch4', 'merch6', 'merch7', 'merch2', 'merch4', 'merch5']"
442,"['merch1', 'merch5', 'merch4', 'merch1', 'merch9', 'merch4', 'merch8', 'merch5', 'merch9', 'merch7', 'merch2', 'merch8', 'merch3', 'merch9', 'merch0', 'merch1', 'merch3']"
443,"['merch1', 'merch2', 'merch1', 'merch3', 'merch2', 'merch8', 'merch3', 'merch1', 'merch4', 'merch3', 'merch2', 'merch1', 'merch6']"
444,"['merch4', 'merch8', 'merch2', 'merch1', 'merch9', 'merch2', 'merch1', 'merch5', 'merch8', 'merch2', 'merch7', 'merch1', 'merch0', 'merch9', 'merch1', 'merch2', 'merch5']"
445,"['merch7', 'merch0', 'merch3', 'merch9', 'merch4', 'merch7', 'merch0', 'merch2', 'merch4', 'merch9', 'merch2', 'merch3', 'merch8', 'merch2']"
446,"['merch5', 'merch1', 'merch8', 'merch5', 'merch2', 'merch6', 'merch3', 'merch6', 'merch1']"
447,"['merch3', 'merch9', 'merch5', 'merch7', 'merch1', 'merch7', 'merch6', 'merch8', 'merch6', 'merch0', 'merch1', 'merch3', 'merch7', 'merch0', 'merch4', 'merch3', 'merch5', 'merch8', 'merch9']"
448,"['merch5', 'merch2', 'merch4', 'merch7', 'merch3', 'merch7', 'merch2', 'merch0', 'merch1', 'merch5', 'merch3', 'merch9', 'merch4', 'merch1', 'merch2']"
449,"['merch3', 'merch0', 'merch5', 'merch1', 'merch0', 'merch2', 'merch9', 'merch4', 'merch8', 'merch2', 'merch0', 'merch2', 'merch0', 'merch2']"
450,"['merch1', 'merch5', 'merch7', 'merch1', 'merch7', 'merch8', 'merch4', 'merch7', 'merch2', 'merch1', 'merch2', 'merch5', 'merch4', 'merch8', 'merch7', 'merch1', 'merch3', 'merch9', 'merch8', 'merch4', 'merch1']"
451,"['merch9', 'merch0', 'merch2', 'merch5', 'merch6', 'merch9', 'merch4', 'merch7', 'merch2', 'merch7', 'merch4', 'merch2']"
452,"['merch5', 'merch7', 'merch5', 'merch2', 'merch1', 'merch0', 'merch2', 'merch1', 'merch4', 'merch3', 'merch9', 'merch6', 'merch5', 'merch4', 'merch7']"
453,"['merch2', 'merch0', 'merch5', 'merch1', 'merch7', 'merch6', 'merch1', 'merch2', 'merch4', 'merch5', 'merch8', 'merch5', 'merch1', 'merch5', 'merch2', 'merch1', 'merch9']"
454,"['merch6', 'merch3', 'merch0', 'merch2', 'merch9', 'merch1', 'merch7', 'merch1', 'merch2', 'merch4', 'merch0', 'merch1', 'merch7']"
455,"['merch8', 'merch3', 'merch9', 'merch8', 'merch0', 'merch9', 'merch2', 'merch0', 'merch5', 'merch9', 'merch2', 'merch7', 'merch3', 'merch1', 'merch6', 'merch1', 'merch5', 'merch1', 'merch4', 'merch3']"
456,"['merch1', 'merch2', 'merch9', 'merch0', 'merch2', 'merch4', 'merch5', 'merch0', 'merch6', 'merch4', 'merch3', 'merch7', 'merch5', 'merch3', 'merch2', 'merch1', 'merch2', 'merch9']"
457,"['merch2', 'merch4', 'merch2', 'merch3', 'merch9', 'merch3', 'merch5', 'merch3', 'merch5', 'merch3', 'merch7', 'merch8']"
458,"['merch5', 'merch3', 'merch6', 'merch1', 'merch2', 'merch6', 'merch9', 'merch2', 'merch7', 'merch8', 'merch9', 'merch1', 'merch2']"
459,"['merch9', 'merch2', 'merch3', 'merch6', 'merch2', 'merch4', 'merch1', 'merch9', 'merch2', 'merch1', 'merch8', 'merch4', 'merch2']"
460,"['merch7', 'merch0', 'merch1', 'merch0', 'merch3', 'merch5', 'merch0', 'merch3', 'merch2', 'merch1', 'merch6', 'merch2', 'merch6']"
461,"['merch2', 'merch8', 'merch0', 'merch1', 'merch9', 'merch3', 'merch2', 'merch1', 'merch8', 'merch1', 'merch0', 'merch5', 'merch0', 'merch5', 'merch1', 'merch4', 'merch2', 'merch3', 'merch5', 'merch0', 'merch9', 'merch7']"
462,"['merch3', 'merch7', 'merch5', 'merch2', 'merch0', 'merch3', 'merch8', 'merch7', 'merch4', 'merch1', 'merch4', 'merch5']"
463,"['merch9', 'merch0', 'merch1', 'merch3', 'merch1', 'merch4', 'merch1', 'merch3', 'merch2', 'merch1', 'merch7', 'merch3', 'merch8', 'merch9', 'merch5']"
464,"['merch1', 'merch4', 'merch9', 'merch3', 'merch9', 'merch2', 'merch4', 'merch3', 'merch1', 'merch8', 'merch1', 'merch2', 'merch1', 'merch9']"
465,"['merch3', 'merch4', 'merch3', 'merch6', 'merch4', 'merch3', 'merch7', 'merch3', 'merch5', 'merch7', 'merch1', 'merch3', 'merch4', 'merch1']"
466,"['merch4', 'merch5', 'merch1', 'merch3', 'merch5', 'merch0', 'merch8', 'merch3', 'merch1', 'merch2', 'merch0', 'merch9', 'merch0', 'merch1', 'merch2', 'merch4', 'merch6', 'merch2', 'merch3', 'merch4', 'merch3']"
467,"['merch9', 'merch2', 'merch4', 'merch9', 'merch5', 'merch9', 'merch2', 'merch0', 'merch6', 'merch8', 'merch2', 'merch1', 'merch3']"
468,"['merch2', 'merch8', 'merch1', 'merch6', 'merch5', 'merch3', 'merch1', 'merch2', 'merch5', 'merch2', 'merch1', 'merch8', 'merch4', 'merch6', 'merch2', 'merch1', 'merch0', 'merch5', 'merch4']"
469,"['merch7', 'merch3', 'merch5', 'merch6', 'merch7', 'merch1', 'merch4', 'merch5', 'merch1', 'merch8', 'merch3', 'merch7', 'merch3', 'merch9', 'merch4', 'merch2', 'merch1', 'merch2', 'merch6']"
470,"['merch0', 'merch2', 'merch1', 'merch9', 'merch4', 'merch0', 'merch3', 'merch7', 'merch9', 'merch2', 'merch4', 'merch0', 'merch1', 'merch5', 'merch1', 'merch0', 'merch9']"
471,"['merch8', 'merch4', 'merch3', 'merch1', 'merch4', 'merch3', 'merch1', 'merch3', 'merch1', 'merch2', 'merch9', 'merch6', 'merch5', 'merch8', 'merch1', 'merch2', 'merch0']"
472,"['merch2', 'merch8', 'merch2', 'merch9', 'merch3', 'merch4', 'merch6', 'merch3', 'merch6', 'merch8', 'merch6', 'merch9']"
473,"['merch7', 'merch8', 'merch9', 'merch4', 'merch9', 'merch1', 'merch4', 'merch9', 'merch4', 'merch5', 'merch7', 'merch3', 'merch2']"
474,"['merch6', 'merch4', 'merch1', 'merch2', 'merch1', 'merch4', 'merch5', 'merch3', 'merch6']"
475,"['merch5', 'merch3', 'merch5', 'merch9', 'merch1', 'merch9', 'merch1', 'merch2', 'merch3', 'merch5', 'merch3', 'merch1', 'merch8', 'merch3', 'merch1', 'merch2', 'merch5', 'merch2', 'merch5', 'merch2', 'merch8', 'merch0']"
476,"['merch4', 'merch3', 'merch2', 'merch3', 'merch1', 'merch9', 'merch4', 'merch2', 'merch4', 'merch5', 'merch4', 'merch5', 'merch2', 'merch8', 'merch4', 'merch8', 'merch2', 'merch4']"
477,"['merch3', 'merch5', 'merch7', 'merch9', 'merch2', 'merch7', 'merch4', 'merch0', 'merch7', 'merch2', 'merch4', 'merch2', 'merch4', 'merch0', 'merch1', 'merch2']"
478,"['merch5', 'merch9', 'merch6', 'merch8', 'merch5', 'merch2', 'merch3', 'merch7', 'merch4']"
479,"['merch9', 'merch0', 'merch9', 'merch1', 'merch3', 'merch1', 'merch3', 'merch8', 'merch2', 'merch3']"
480,"['merch1', 'merch8', 'merch2', 'merch1', 'merch8', 'merch9', 'merch1', 'merch7', 'merch3', 'merch1', 'merch5', 'merch1', 'merch3', 'merch4', 'merch3']"
481,"['merch0', 'merch5', 'merch8', 'merch3', 'merch0', 'merch5', 'merch8', 'merch6', 'merch1', 'merch3', 'merch9', 'merch3', 'merch5', 'merch8', 'merch5', 'merch2', 'merch1', 'merch5', 'merch2', 'merch4', 'merch8']"
482,"['merch1', 'merch0', 'merch4', 'merch9', 'merch2', 'merch8', 'merch2', 'merch3', 'merch1', 'merch8', 'merch3', 'merch6', 'merch5', 'merch1']"
483,"['merch2', 'merch4', 'merch1', 'merch2', 'merch3', 'merch7', 'merch4', 'merch3', 'merch4', 'merch5', 'merch9', 'merch3', 'merch8', 'merch6', 'merch5', 'merch3', 'merch1']"
484,"['merch1', 'merch9', 'merch1', 'merch3', 'merch1', 'merch8', 'merch1', 'merch4', 'merch9', 'merch3', 'merch1', 'merch4', 'merch9', 'merch1', 'merch9']"
485,"['merch3', 'merch7', 'merch6', 'merch4', 'merch9', 'merch1', 'merch2', 'merch7', 'merch5', 'merch9', 'merch8', 'merch1', 'merch2', 'merch1', 'merch7']"
486,"['merch4', 'merch3', 'merch4', 'merch9', 'merch1', 'merch9', 'merch7', 'merch9', 'merch5', 'merch8']"
487,"['merch8', 'merch2', 'merch1', 'merch3', 'merch0', 'merch9', 'merch0', 'merch1', 'merch3', 'merch2', 'merch6', 'merch7', 'merch1', 'merch4', 'merch5', 'merch9', 'merch7', 'merch3', 'merch2', 'merch1', 'merch3', 'merch9', 'merch1', 'merch5', 'merch2', 'merch8', 'merch1']"
488,"['merch3', 'merch2', 'merch9', 'merch2', 'merch3', 'merch2', 'merch1', 'merch4']"
489,"['merch2', 'merch3', 'merch0', 'merch3', 'merch8', 'merch4', 'merch8', 'merch3', 'merch2', 'merch3', 'merch1', 'merch8', 'merch3', 'merch4', 'merch2', 'merch1']"
490,"['merch9', 'merch1', 'merch2', 'merch5', 'merch2', 'merch1', 'merch9', 'merch4', 'merch9', 'merch2', 'merch4', 'merch1', 'merch4', 'merch7', 'merch1', 'merch9', 'merch1', 'merch9', 'merch1', 'merch5']"
491,"['merch4', 'merch1', 'merch8', 'merch9', 'merch6', 'merch2', 'merch1', 'merch2', 'merch9', 'merch8', 'merch3', 'merch2', 'merch1', 'merch9', 'merch3', 'merch1', 'merch5']"
492,"['merch5', 'merch8', 'merch3', 'merch1', 'merch8', 'merch2', 'merch4', 'merch7', 'merch3', 'merch4', 'merch9', 'merch5', 'merch8']"
493,"['merch3', 'merch2', 'merch8', 'merch5', 'merch9', 'merch4', 'merch1', 'merch4', 'merch5', 'merch3', 'merch9', 'merch2', 'merch8']"
494,"['merch1', 'merch0', 'merch6', 'merch3', 'merch8', 'merch1', 'merch5', 'merch1', 'merch6', 'merch3', 'merch2', 'merch0']"
495,"['merch5', 'merch4', 'merch5', 'merch6', 'merch4', 'merch8', 'merch5', 'merch7', 'merch6', 'merch5', 'merch9', 'merch5', 'merch1', 'merch2', 'merch1', 'merch7', 'merch5', 'merch3', 'merch1']"
496,"['merch0', 'merch1', 'merch2', 'merch4', 'merch8', 'merch1', 'merch7', 'merch6', 'merch9', 'merch1', 'merch9', 'merch1', 'merch6', 'merch1']"
497,"['merch5', 'merch3', 'merch4', 'merch8', 'merch0', 'merch1', 'merch2', 'merch1', 'merch5', 'merch3', 'merch1', 'merch9', 'merch1', 'merch2', 'merch9']"
498,"['merch3', 'merch5', 'merch2', 'merch4', 'merch8', 'merch9', 'merch1', 'merch2', 'merch7', 'merch3', 'merch5', 'merch0']"
499,"['merch4', 'merch5', 'merch2', 'merch1', 'merch7', 'merch0', 'merch4', 'merch9', 'merch4', 'merch8', 'merch1', 'merch4', 'merch2', 'merch4']"
